date,captured_at_bkt,source,source_ts,currency,buy,sell
2026-05-30,2026-05-30 15:41:21,krungthai,2026-05-30 15:41:01,USD,32.54,32.59
2026-05-30,2026-05-30 15:41:21,krungthai,2026-05-30 15:41:01,EUR,37.97,38.01
2026-05-30,2026-05-30 15:41:21,krungthai,2026-05-30 15:41:01,JPY,0.2043,0.2047
2026-05-30,2026-05-30 15:41:21,krungthai,2026-05-30 15:41:01,GBP,43.83,43.87
2026-05-30,2026-05-30 15:41:21,krungthai,2026-05-30 15:41:01,CNY,4.802,4.837
2026-05-30,2026-05-30 15:41:21,krungthai,2026-05-30 15:41:01,AED,8.856,8.881
2026-05-30,2026-05-30 15:41:21,krungthai,2026-05-30 15:41:01,AUD,23.38,23.42
2026-05-30,2026-05-30 15:41:21,krungthai,2026-05-30 15:41:01,CAD,23.6,23.64
2026-05-30,2026-05-30 15:41:21,krungthai,2026-05-30 15:41:01,CHF,41.69,41.73
2026-05-30,2026-05-30 15:41:21,krungthai,2026-05-30 15:41:01,DKK,5.054,5.084
2026-05-30,2026-05-30 15:41:21,krungthai,2026-05-30 15:41:01,HKD,4.148,4.168
2026-05-30,2026-05-30 15:41:21,krungthai,2026-05-30 15:41:01,INR,0.328,0.343
2026-05-30,2026-05-30 15:41:21,krungthai,2026-05-30 15:41:01,KRW,0.0216,0.0219
2026-05-30,2026-05-30 15:41:21,krungthai,2026-05-30 15:41:01,NOK,3.495,3.525
2026-05-30,2026-05-30 15:41:21,krungthai,2026-05-30 15:41:01,NZD,19.48,19.52
2026-05-30,2026-05-30 15:41:21,krungthai,2026-05-30 15:41:01,QAR,8.942,8.967
2026-05-30,2026-05-30 15:41:21,krungthai,2026-05-30 15:41:01,SAR,8.668,8.693
2026-05-30,2026-05-30 15:41:21,krungthai,2026-05-30 15:41:01,SEK,3.498,3.528
2026-05-30,2026-05-30 15:41:21,krungthai,2026-05-30 15:41:01,SGD,25.49,25.54
2026-05-30,2026-05-30 15:41:21,krungthai,2026-05-30 15:41:01,TWD,1.0318,1.0376
2026-05-30,2026-05-30 15:41:21,krungsri,,JPY,0.2036,0.2045
2026-05-30,2026-05-30 15:41:21,krungsri,,KRW,0.0213,0.0217
2026-05-30,2026-05-30 15:41:21,krungsri,,HKD,4.1389,4.1564
2026-05-30,2026-05-30 15:41:21,krungsri,,SGD,25.3933,25.5171
2026-05-30,2026-05-30 15:41:21,krungsri,,USD,32.51,32.6
2026-05-30,2026-05-30 15:41:21,krungsri,,EUR,37.8018,38.0099
2026-05-30,2026-05-30 15:41:21,krungsri,,AUD,23.29,23.41
2026-05-30,2026-05-30 15:41:21,krungsri,,CAD,23.5,23.62
2026-05-30,2026-05-30 15:41:21,krungsri,,CHF,41.51,41.71
2026-05-30,2026-05-30 15:41:21,krungsri,,CNY,4.7918,4.8186
2026-05-30,2026-05-30 15:41:21,krungsri,,DKK,5.0601,5.0817
2026-05-30,2026-05-30 15:41:21,krungsri,,GBP,43.641,43.886
2026-05-30,2026-05-30 15:41:21,krungsri,,NOK,3.4962,3.5246
2026-05-30,2026-05-30 15:41:21,krungsri,,NZD,19.42,19.51
2026-05-30,2026-05-30 15:41:21,krungsri,,SEK,3.502,3.5316
2026-05-30,2026-05-30 15:41:21,krungsri,,TWD,1.0297,1.0389
2026-05-30,2026-05-30 15:41:21,superrich,2026-05-30T10:05:02.463Z,USD,32.4,32.47
2026-05-30,2026-05-30 15:41:21,superrich,2026-05-30T10:05:02.463Z,GBP,43.5,43.7
2026-05-30,2026-05-30 15:41:21,superrich,2026-05-30T10:05:02.463Z,EUR,37.7,37.85
2026-05-30,2026-05-30 15:41:21,superrich,2026-05-30T10:05:02.463Z,CHF,41.35,41.5
2026-05-30,2026-05-30 15:41:21,superrich,2026-05-30T10:05:02.463Z,AUD,23.2,23.35
2026-05-30,2026-05-30 15:41:21,superrich,2026-05-30T10:05:02.463Z,JPY,0.203,0.205
2026-05-30,2026-05-30 15:41:21,superrich,2026-05-30T10:05:02.463Z,SGD,25.3,25.45
2026-05-30,2026-05-30 15:41:21,superrich,2026-05-30T10:05:02.463Z,HKD,4.13,4.16
2026-05-30,2026-05-30 15:41:21,superrich,2026-05-30T10:05:02.463Z,CAD,23.4,23.55
2026-05-30,2026-05-30 15:41:21,superrich,2026-05-30T10:05:02.463Z,DKK,4.6,4.8
2026-05-30,2026-05-30 15:41:21,superrich,2026-05-30T10:05:02.463Z,NOK,2.95,3.1
2026-05-30,2026-05-30 15:41:21,superrich,2026-05-30T10:05:02.463Z,SEK,3.05,3.2
2026-05-30,2026-05-30 15:41:21,superrich,2026-05-30T10:05:02.463Z,TWD,0.995,1.01
2026-05-30,2026-05-30 15:41:21,superrich,2026-05-30T10:05:02.463Z,KRW,0.0218,0.0221
2026-05-30,2026-05-30 15:41:21,superrich,2026-05-30T10:05:02.463Z,CNY,4.78,4.8
2026-05-30,2026-05-30 15:41:21,superrich,2026-05-30T10:05:02.463Z,NZD,19.3,19.45
2026-05-30,2026-05-30 15:41:21,superrich,2026-05-30T10:05:02.463Z,SAR,8.45,8.6
2026-05-30,2026-05-30 15:41:21,superrich,2026-05-30T10:05:02.463Z,AED,8.65,8.8
2026-05-30,2026-05-30 15:41:21,superrich,2026-05-30T10:05:02.463Z,QAR,8.55,8.75
2026-05-30,2026-05-30 15:41:21,superrich,2026-05-30T10:05:02.463Z,INR,0.325,0.34
2026-05-30,2026-05-30 15:41:21,mastercard,2026-05-29,USD,32.78,32.78
2026-05-30,2026-05-30 15:41:21,mastercard,2026-05-29,EUR,38.316505,38.316505
2026-05-30,2026-05-30 15:41:21,mastercard,2026-05-29,JPY,0.20606,0.20606
2026-05-30,2026-05-30 15:41:21,mastercard,2026-05-29,GBP,44.21693,44.21693
2026-05-30,2026-05-30 15:41:21,mastercard,2026-05-29,CNY,4.844669,4.844669
2026-05-30,2026-05-30 15:41:21,mastercard,2026-05-29,AED,8.926286,8.926286
2026-05-30,2026-05-30 15:41:21,mastercard,2026-05-29,AUD,23.611424,23.611424
2026-05-30,2026-05-30 15:41:21,mastercard,2026-05-29,CAD,23.808832,23.808832
2026-05-30,2026-05-30 15:41:21,mastercard,2026-05-29,DKK,5.12604,5.12604
2026-05-31,2026-05-31 09:00:02,krungthai,2026-05-31 09:00:00,USD,32.54,32.59
2026-05-31,2026-05-31 09:00:02,krungthai,2026-05-31 09:00:00,EUR,37.97,38.01
2026-05-31,2026-05-31 09:00:02,krungthai,2026-05-31 09:00:00,JPY,0.2043,0.2047
2026-05-31,2026-05-31 09:00:02,krungthai,2026-05-31 09:00:00,GBP,43.83,43.87
2026-05-31,2026-05-31 09:00:02,krungthai,2026-05-31 09:00:00,CNY,4.802,4.837
2026-05-31,2026-05-31 09:00:02,krungthai,2026-05-31 09:00:00,AED,8.856,8.881
2026-05-31,2026-05-31 09:00:02,krungthai,2026-05-31 09:00:00,AUD,23.38,23.42
2026-05-31,2026-05-31 09:00:02,krungthai,2026-05-31 09:00:00,CAD,23.6,23.64
2026-05-31,2026-05-31 09:00:02,krungthai,2026-05-31 09:00:00,CHF,41.69,41.73
2026-05-31,2026-05-31 09:00:02,krungthai,2026-05-31 09:00:00,DKK,5.054,5.084
2026-05-31,2026-05-31 09:00:02,krungthai,2026-05-31 09:00:00,HKD,4.148,4.168
2026-05-31,2026-05-31 09:00:02,krungthai,2026-05-31 09:00:00,INR,0.328,0.343
2026-05-31,2026-05-31 09:00:02,krungthai,2026-05-31 09:00:00,KRW,0.0216,0.0219
2026-05-31,2026-05-31 09:00:02,krungthai,2026-05-31 09:00:00,NOK,3.495,3.525
2026-05-31,2026-05-31 09:00:02,krungthai,2026-05-31 09:00:00,NZD,19.48,19.52
2026-05-31,2026-05-31 09:00:02,krungthai,2026-05-31 09:00:00,QAR,8.942,8.967
2026-05-31,2026-05-31 09:00:02,krungthai,2026-05-31 09:00:00,SAR,8.668,8.693
2026-05-31,2026-05-31 09:00:02,krungthai,2026-05-31 09:00:00,SEK,3.498,3.528
2026-05-31,2026-05-31 09:00:02,krungthai,2026-05-31 09:00:00,SGD,25.49,25.54
2026-05-31,2026-05-31 09:00:02,krungthai,2026-05-31 09:00:00,TWD,1.0318,1.0376
2026-05-31,2026-05-31 09:00:02,krungsri,,JPY,0.2036,0.2045
2026-05-31,2026-05-31 09:00:02,krungsri,,KRW,0.0213,0.0217
2026-05-31,2026-05-31 09:00:02,krungsri,,HKD,4.1389,4.1564
2026-05-31,2026-05-31 09:00:02,krungsri,,SGD,25.3933,25.5171
2026-05-31,2026-05-31 09:00:02,krungsri,,USD,32.51,32.6
2026-05-31,2026-05-31 09:00:02,krungsri,,EUR,37.8018,38.0099
2026-05-31,2026-05-31 09:00:02,krungsri,,AUD,23.29,23.41
2026-05-31,2026-05-31 09:00:02,krungsri,,CAD,23.5,23.62
2026-05-31,2026-05-31 09:00:02,krungsri,,CHF,41.51,41.71
2026-05-31,2026-05-31 09:00:02,krungsri,,CNY,4.7918,4.8186
2026-05-31,2026-05-31 09:00:02,krungsri,,DKK,5.0601,5.0817
2026-05-31,2026-05-31 09:00:02,krungsri,,GBP,43.641,43.886
2026-05-31,2026-05-31 09:00:02,krungsri,,NOK,3.4962,3.5246
2026-05-31,2026-05-31 09:00:02,krungsri,,NZD,19.42,19.51
2026-05-31,2026-05-31 09:00:02,krungsri,,SEK,3.502,3.5316
2026-05-31,2026-05-31 09:00:02,krungsri,,TWD,1.0297,1.0389
2026-05-31,2026-05-31 09:00:02,superrich,2026-05-30T16:58:24.006Z,USD,32.4,32.47
2026-05-31,2026-05-31 09:00:02,superrich,2026-05-30T16:58:24.006Z,GBP,43.5,43.7
2026-05-31,2026-05-31 09:00:02,superrich,2026-05-30T16:58:24.006Z,EUR,37.7,37.85
2026-05-31,2026-05-31 09:00:02,superrich,2026-05-30T16:58:24.006Z,CHF,41.35,41.5
2026-05-31,2026-05-31 09:00:02,superrich,2026-05-30T16:58:24.006Z,AUD,23.2,23.35
2026-05-31,2026-05-31 09:00:02,superrich,2026-05-30T16:58:24.006Z,JPY,0.203,0.205
2026-05-31,2026-05-31 09:00:02,superrich,2026-05-30T16:58:24.006Z,SGD,25.3,25.45
2026-05-31,2026-05-31 09:00:02,superrich,2026-05-30T16:58:24.006Z,HKD,4.13,4.16
2026-05-31,2026-05-31 09:00:02,superrich,2026-05-30T16:58:24.006Z,CAD,23.4,23.55
2026-05-31,2026-05-31 09:00:02,superrich,2026-05-30T16:58:24.006Z,DKK,4.6,4.8
2026-05-31,2026-05-31 09:00:02,superrich,2026-05-30T16:58:24.006Z,NOK,2.95,3.1
2026-05-31,2026-05-31 09:00:02,superrich,2026-05-30T16:58:24.006Z,SEK,3.05,3.2
2026-05-31,2026-05-31 09:00:02,superrich,2026-05-30T16:58:24.006Z,TWD,0.995,1.01
2026-05-31,2026-05-31 09:00:02,superrich,2026-05-30T16:58:24.006Z,KRW,0.0218,0.0221
2026-05-31,2026-05-31 09:00:02,superrich,2026-05-30T16:58:24.006Z,CNY,4.77,4.79
2026-05-31,2026-05-31 09:00:02,superrich,2026-05-30T16:58:24.006Z,NZD,19.3,19.45
2026-05-31,2026-05-31 09:00:02,superrich,2026-05-30T16:58:24.006Z,SAR,8.45,8.6
2026-05-31,2026-05-31 09:00:02,superrich,2026-05-30T16:58:24.006Z,AED,8.65,8.8
2026-05-31,2026-05-31 09:00:02,superrich,2026-05-30T16:58:24.006Z,QAR,8.55,8.75
2026-05-31,2026-05-31 09:00:02,superrich,2026-05-30T16:58:24.006Z,INR,0.325,0.34
2026-05-31,2026-05-31 09:00:02,mastercard,2026-05-30,EUR,38.316505,38.316505
2026-05-31,2026-05-31 09:00:02,mastercard,2026-05-30,JPY,0.20606,0.20606
2026-05-31,2026-05-31 09:00:02,mastercard,2026-05-30,GBP,44.21693,44.21693
2026-05-31,2026-05-31 09:00:02,mastercard,2026-05-30,CNY,4.844669,4.844669
2026-05-31,2026-05-31 09:00:02,mastercard,2026-05-30,AED,8.926286,8.926286
2026-05-31,2026-05-31 09:00:02,mastercard,2026-05-30,AUD,23.611424,23.611424
2026-05-31,2026-05-31 09:00:02,mastercard,2026-05-30,CAD,23.808832,23.808832
2026-05-31,2026-05-31 09:00:02,mastercard,2026-05-30,USD,32.78,32.78
2026-05-31,2026-05-31 09:00:02,mastercard,2026-05-30,DKK,5.12604,5.12604
2026-06-01,2026-06-01 09:00:02,krungthai,2026-06-01 09:00:00,USD,32.53,32.58
2026-06-01,2026-06-01 09:00:02,krungthai,2026-06-01 09:00:00,EUR,37.9,37.94
2026-06-01,2026-06-01 09:00:02,krungthai,2026-06-01 09:00:00,JPY,0.204,0.2043
2026-06-01,2026-06-01 09:00:02,krungthai,2026-06-01 09:00:00,GBP,43.78,43.84
2026-06-01,2026-06-01 09:00:02,krungthai,2026-06-01 09:00:00,CNY,4.804,4.834
2026-06-01,2026-06-01 09:00:02,krungthai,2026-06-01 09:00:00,AED,8.859,8.879
2026-06-01,2026-06-01 09:00:02,krungthai,2026-06-01 09:00:00,AUD,23.38,23.42
2026-06-01,2026-06-01 09:00:02,krungthai,2026-06-01 09:00:00,CAD,23.56,23.6
2026-06-01,2026-06-01 09:00:02,krungthai,2026-06-01 09:00:00,CHF,41.56,41.62
2026-06-01,2026-06-01 09:00:02,krungthai,2026-06-01 09:00:00,DKK,5.055,5.075
2026-06-01,2026-06-01 09:00:02,krungthai,2026-06-01 09:00:00,HKD,4.146,4.166
2026-06-01,2026-06-01 09:00:02,krungthai,2026-06-01 09:00:00,INR,0.3329,0.3429
2026-06-01,2026-06-01 09:00:02,krungthai,2026-06-01 09:00:00,KRW,0.0213,0.0216
2026-06-01,2026-06-01 09:00:02,krungthai,2026-06-01 09:00:00,NOK,3.503,3.523
2026-06-01,2026-06-01 09:00:02,krungthai,2026-06-01 09:00:00,NZD,19.44,19.48
2026-06-01,2026-06-01 09:00:02,krungthai,2026-06-01 09:00:00,QAR,8.928,8.965
2026-06-01,2026-06-01 09:00:02,krungthai,2026-06-01 09:00:00,SAR,8.67,8.69
2026-06-01,2026-06-01 09:00:02,krungthai,2026-06-01 09:00:00,SEK,3.5,3.52
2026-06-01,2026-06-01 09:00:02,krungthai,2026-06-01 09:00:00,SGD,25.47,25.51
2026-06-01,2026-06-01 09:00:02,krungthai,2026-06-01 09:00:00,TWD,1.034,1.0398
2026-06-01,2026-06-01 09:00:02,krungsri,,JPY,0.204,0.2043
2026-06-01,2026-06-01 09:00:02,krungsri,,KRW,0.0213,0.0216
2026-06-01,2026-06-01 09:00:02,krungsri,,HKD,4.1542,4.1569
2026-06-01,2026-06-01 09:00:02,krungsri,,SGD,25.4633,25.5009
2026-06-01,2026-06-01 09:00:02,krungsri,,USD,32.55,32.61
2026-06-01,2026-06-01 09:00:02,krungsri,,EUR,37.8896,37.9759
2026-06-01,2026-06-01 09:00:02,krungsri,,AUD,23.38,23.42
2026-06-01,2026-06-01 09:00:02,krungsri,,CAD,23.57,23.61
2026-06-01,2026-06-01 09:00:02,krungsri,,CHF,41.56,41.63
2026-06-01,2026-06-01 09:00:02,krungsri,,CNY,4.8087,4.8195
2026-06-01,2026-06-01 09:00:02,krungsri,,DKK,5.0725,5.0765
2026-06-01,2026-06-01 09:00:02,krungsri,,GBP,43.776,43.88
2026-06-01,2026-06-01 09:00:02,krungsri,,NOK,3.5203,3.524
2026-06-01,2026-06-01 09:00:02,krungsri,,NZD,19.44,19.47
2026-06-01,2026-06-01 09:00:02,krungsri,,SEK,3.5172,3.5215
2026-06-01,2026-06-01 09:00:02,krungsri,,TWD,1.0362,1.0418
2026-06-01,2026-06-01 09:00:02,superrich,2026-05-31T09:02:34.346Z,USD,32.4,32.47
2026-06-01,2026-06-01 09:00:02,superrich,2026-05-31T09:02:34.346Z,GBP,43.5,43.7
2026-06-01,2026-06-01 09:00:02,superrich,2026-05-31T09:02:34.346Z,EUR,37.7,37.85
2026-06-01,2026-06-01 09:00:02,superrich,2026-05-31T09:02:34.346Z,CHF,41.35,41.5
2026-06-01,2026-06-01 09:00:02,superrich,2026-05-31T09:02:34.346Z,AUD,23.2,23.35
2026-06-01,2026-06-01 09:00:02,superrich,2026-05-31T09:02:34.346Z,JPY,0.203,0.205
2026-06-01,2026-06-01 09:00:02,superrich,2026-05-31T09:02:34.346Z,SGD,25.3,25.45
2026-06-01,2026-06-01 09:00:02,superrich,2026-05-31T09:02:34.346Z,HKD,4.12,4.15
2026-06-01,2026-06-01 09:00:02,superrich,2026-05-31T09:02:34.346Z,CAD,23.4,23.55
2026-06-01,2026-06-01 09:00:02,superrich,2026-05-31T09:02:34.346Z,DKK,4.6,4.8
2026-06-01,2026-06-01 09:00:02,superrich,2026-05-31T09:02:34.346Z,NOK,2.95,3.1
2026-06-01,2026-06-01 09:00:02,superrich,2026-05-31T09:02:34.346Z,SEK,3.05,3.2
2026-06-01,2026-06-01 09:00:02,superrich,2026-05-31T09:02:34.346Z,TWD,0.995,1.01
2026-06-01,2026-06-01 09:00:02,superrich,2026-05-31T09:02:34.346Z,KRW,0.0218,0.0221
2026-06-01,2026-06-01 09:00:02,superrich,2026-05-31T09:02:34.346Z,CNY,4.77,4.79
2026-06-01,2026-06-01 09:00:02,superrich,2026-05-31T09:02:34.346Z,NZD,19.3,19.45
2026-06-01,2026-06-01 09:00:02,superrich,2026-05-31T09:02:34.346Z,SAR,8.45,8.6
2026-06-01,2026-06-01 09:00:02,superrich,2026-05-31T09:02:34.346Z,AED,8.65,8.8
2026-06-01,2026-06-01 09:00:02,superrich,2026-05-31T09:02:34.346Z,QAR,8.55,8.75
2026-06-01,2026-06-01 09:00:02,superrich,2026-05-31T09:02:34.346Z,INR,0.325,0.34
2026-06-01,2026-06-01 09:00:02,mastercard,2026-05-31,EUR,38.316505,38.316505
2026-06-01,2026-06-01 09:00:02,mastercard,2026-05-31,GBP,44.21693,44.21693
2026-06-01,2026-06-01 09:00:02,mastercard,2026-05-31,CNY,4.844669,4.844669
2026-06-01,2026-06-01 09:00:02,mastercard,2026-05-31,AUD,23.611424,23.611424
2026-06-01,2026-06-01 09:00:02,mastercard,2026-05-31,KRW,0.021962,0.021962
2026-06-01,2026-06-01 09:00:02,mastercard,2026-05-31,CHF,42.057993,42.057993
2026-06-01,2026-06-01 09:00:02,mastercard,2026-05-31,USD,32.78,32.78
2026-06-01,2026-06-01 09:00:02,mastercard,2026-05-31,JPY,0.20606,0.20606
2026-06-01,2026-06-01 09:00:02,mastercard,2026-05-31,SGD,25.71989,25.71989
2026-06-01,2026-06-01 09:00:02,mastercard,2026-05-31,HKD,4.185233,4.185233
2026-06-02,2026-06-02 09:00:05,krungthai,2026-06-02 09:00:00,USD,32.55,32.6
2026-06-02,2026-06-02 09:00:05,krungthai,2026-06-02 09:00:00,EUR,37.88,37.92
2026-06-02,2026-06-02 09:00:05,krungthai,2026-06-02 09:00:00,JPY,0.2038,0.2041
2026-06-02,2026-06-02 09:00:05,krungthai,2026-06-02 09:00:00,GBP,43.82,43.86
2026-06-02,2026-06-02 09:00:05,krungthai,2026-06-02 09:00:00,CNY,4.81,4.84
2026-06-02,2026-06-02 09:00:05,krungthai,2026-06-02 09:00:00,AED,8.864,8.884
2026-06-02,2026-06-02 09:00:05,krungthai,2026-06-02 09:00:00,AUD,23.3,23.34
2026-06-02,2026-06-02 09:00:05,krungthai,2026-06-02 09:00:00,CAD,23.51,23.55
2026-06-02,2026-06-02 09:00:05,krungthai,2026-06-02 09:00:00,CHF,41.39,41.44
2026-06-02,2026-06-02 09:00:05,krungthai,2026-06-02 09:00:00,DKK,5.053,5.073
2026-06-02,2026-06-02 09:00:05,krungthai,2026-06-02 09:00:00,HKD,4.148,4.168
2026-06-02,2026-06-02 09:00:05,krungthai,2026-06-02 09:00:00,INR,0.3331,0.3431
2026-06-02,2026-06-02 09:00:05,krungthai,2026-06-02 09:00:00,KRW,0.0213,0.0216
2026-06-02,2026-06-02 09:00:05,krungthai,2026-06-02 09:00:00,NOK,3.492,3.512
2026-06-02,2026-06-02 09:00:05,krungthai,2026-06-02 09:00:00,NZD,19.28,19.32
2026-06-02,2026-06-02 09:00:05,krungthai,2026-06-02 09:00:00,QAR,8.936,8.96
2026-06-02,2026-06-02 09:00:05,krungthai,2026-06-02 09:00:00,SAR,8.675,8.695
2026-06-02,2026-06-02 09:00:05,krungthai,2026-06-02 09:00:00,SEK,3.481,3.501
2026-06-02,2026-06-02 09:00:05,krungthai,2026-06-02 09:00:00,SGD,25.46,25.5
2026-06-02,2026-06-02 09:00:05,krungthai,2026-06-02 09:00:00,TWD,1.0334,1.0392
2026-06-02,2026-06-02 09:00:05,krungsri,,JPY,0.2038,0.2043
2026-06-02,2026-06-02 09:00:05,krungsri,,KRW,0.0213,0.0216
2026-06-02,2026-06-02 09:00:05,krungsri,,HKD,4.1549,4.1617
2026-06-02,2026-06-02 09:00:05,krungsri,,SGD,25.4532,25.5043
2026-06-02,2026-06-02 09:00:05,krungsri,,USD,32.57,32.63
2026-06-02,2026-06-02 09:00:05,krungsri,,EUR,37.8589,37.9703
2026-06-02,2026-06-02 09:00:05,krungsri,,AUD,23.29,23.35
2026-06-02,2026-06-02 09:00:05,krungsri,,CAD,23.51,23.57
2026-06-02,2026-06-02 09:00:05,krungsri,,CHF,41.38,41.47
2026-06-02,2026-06-02 09:00:05,krungsri,,CNY,4.812,4.8274
2026-06-02,2026-06-02 09:00:05,krungsri,,DKK,5.0685,5.0772
2026-06-02,2026-06-02 09:00:05,krungsri,,GBP,43.787,43.927
2026-06-02,2026-06-02 09:00:05,krungsri,,NOK,3.5048,3.5124
2026-06-02,2026-06-02 09:00:05,krungsri,,NZD,19.28,19.33
2026-06-02,2026-06-02 09:00:05,krungsri,,SEK,3.4964,3.5035
2026-06-02,2026-06-02 09:00:05,krungsri,,TWD,1.0354,1.0419
2026-06-02,2026-06-02 09:00:05,superrich,2026-06-02T08:53:58.260Z,USD,32.52,32.57
2026-06-02,2026-06-02 09:00:05,superrich,2026-06-02T08:53:58.260Z,GBP,43.7,43.85
2026-06-02,2026-06-02 09:00:05,superrich,2026-06-02T08:53:58.260Z,EUR,37.8,37.95
2026-06-02,2026-06-02 09:00:05,superrich,2026-06-02T08:53:58.260Z,CHF,41.25,41.4
2026-06-02,2026-06-02 09:00:05,superrich,2026-06-02T08:53:58.260Z,AUD,23.25,23.4
2026-06-02,2026-06-02 09:00:05,superrich,2026-06-02T08:53:58.260Z,JPY,0.2035,0.2055
2026-06-02,2026-06-02 09:00:05,superrich,2026-06-02T08:53:58.260Z,SGD,25.4,25.55
2026-06-02,2026-06-02 09:00:05,superrich,2026-06-02T08:53:58.260Z,HKD,4.15,4.18
2026-06-02,2026-06-02 09:00:05,superrich,2026-06-02T08:53:58.260Z,CAD,23.4,23.55
2026-06-02,2026-06-02 09:00:05,superrich,2026-06-02T08:53:58.260Z,DKK,4.6,4.8
2026-06-02,2026-06-02 09:00:05,superrich,2026-06-02T08:53:58.260Z,NOK,2.95,3.1
2026-06-02,2026-06-02 09:00:05,superrich,2026-06-02T08:53:58.260Z,SEK,3.05,3.2
2026-06-02,2026-06-02 09:00:05,superrich,2026-06-02T08:53:58.260Z,TWD,0.995,1.01
2026-06-02,2026-06-02 09:00:05,superrich,2026-06-02T08:53:58.260Z,KRW,0.0218,0.0221
2026-06-02,2026-06-02 09:00:05,superrich,2026-06-02T08:53:58.260Z,CNY,4.79,4.82
2026-06-02,2026-06-02 09:00:05,superrich,2026-06-02T08:53:58.260Z,NZD,19.2,19.35
2026-06-02,2026-06-02 09:00:05,superrich,2026-06-02T08:53:58.260Z,SAR,8.55,8.7
2026-06-02,2026-06-02 09:00:05,superrich,2026-06-02T08:53:58.260Z,AED,8.75,8.9
2026-06-02,2026-06-02 09:00:05,superrich,2026-06-02T08:53:58.260Z,QAR,8.65,8.85
2026-06-02,2026-06-02 09:00:05,superrich,2026-06-02T08:53:58.260Z,INR,0.325,0.34
2026-06-02,2026-06-02 09:00:05,mastercard,2026-06-01,USD,32.73,32.73
2026-06-02,2026-06-02 09:00:05,mastercard,2026-06-01,EUR,38.186063,38.186063
2026-06-02,2026-06-02 09:00:05,mastercard,2026-06-01,GBP,44.120026,44.120026
2026-06-02,2026-06-02 09:00:05,mastercard,2026-06-01,CNY,4.838495,4.838495
2026-06-02,2026-06-02 09:00:05,mastercard,2026-06-01,AUD,23.542681,23.542681
2026-06-02,2026-06-02 09:00:05,mastercard,2026-06-01,KRW,0.021814,0.021814
2026-06-02,2026-06-02 09:00:05,mastercard,2026-06-01,CHF,41.972301,41.972301
2026-06-02,2026-06-02 09:00:05,mastercard,2026-06-01,JPY,0.205577,0.205577
2026-06-02,2026-06-02 09:00:05,mastercard,2026-06-01,SGD,25.656502,25.656502
2026-06-02,2026-06-02 09:00:05,mastercard,2026-06-01,HKD,4.177196,4.177196
2026-06-03,2026-06-03 09:00:02,krungthai,2026-06-03 09:00:00,USD,32.64,32.69
2026-06-03,2026-06-03 09:00:02,krungthai,2026-06-03 09:00:00,EUR,37.98,38.02
2026-06-03,2026-06-03 09:00:02,krungthai,2026-06-03 09:00:00,JPY,0.2041,0.2044
2026-06-03,2026-06-03 09:00:02,krungthai,2026-06-03 09:00:00,GBP,43.98,44.02
2026-06-03,2026-06-03 09:00:02,krungthai,2026-06-03 09:00:00,CNY,4.82,4.85
2026-06-03,2026-06-03 09:00:02,krungthai,2026-06-03 09:00:00,AED,8.887,8.907
2026-06-03,2026-06-03 09:00:02,krungthai,2026-06-03 09:00:00,AUD,23.43,23.47
2026-06-03,2026-06-03 09:00:02,krungthai,2026-06-03 09:00:00,CAD,23.59,23.63
2026-06-03,2026-06-03 09:00:02,krungthai,2026-06-03 09:00:00,CHF,41.44,41.5
2026-06-03,2026-06-03 09:00:02,krungthai,2026-06-03 09:00:00,DKK,5.065,5.085
2026-06-03,2026-06-03 09:00:02,krungthai,2026-06-03 09:00:00,HKD,4.16,4.18
2026-06-03,2026-06-03 09:00:02,krungthai,2026-06-03 09:00:00,INR,0.3331,0.3431
2026-06-03,2026-06-03 09:00:02,krungthai,2026-06-03 09:00:00,KRW,0.0214,0.0217
2026-06-03,2026-06-03 09:00:02,krungthai,2026-06-03 09:00:00,NOK,3.501,3.521
2026-06-03,2026-06-03 09:00:02,krungthai,2026-06-03 09:00:00,NZD,19.36,19.4
2026-06-03,2026-06-03 09:00:02,krungthai,2026-06-03 09:00:00,QAR,8.956,8.995
2026-06-03,2026-06-03 09:00:02,krungthai,2026-06-03 09:00:00,SAR,8.697,8.717
2026-06-03,2026-06-03 09:00:02,krungthai,2026-06-03 09:00:00,SEK,3.485,3.505
2026-06-03,2026-06-03 09:00:02,krungthai,2026-06-03 09:00:00,SGD,25.52,25.56
2026-06-03,2026-06-03 09:00:02,krungthai,2026-06-03 09:00:00,TWD,1.0351,1.0409
2026-06-03,2026-06-03 09:00:02,krungsri,,JPY,0.2041,0.2044
2026-06-03,2026-06-03 09:00:02,krungsri,,KRW,0.0213,0.0217
2026-06-03,2026-06-03 09:00:02,krungsri,,HKD,4.1661,4.1706
2026-06-03,2026-06-03 09:00:02,krungsri,,SGD,25.5058,25.5472
2026-06-03,2026-06-03 09:00:02,krungsri,,USD,32.65,32.71
2026-06-03,2026-06-03 09:00:02,krungsri,,EUR,37.9487,38.0368
2026-06-03,2026-06-03 09:00:02,krungsri,,AUD,23.42,23.47
2026-06-03,2026-06-03 09:00:02,krungsri,,CAD,23.58,23.63
2026-06-03,2026-06-03 09:00:02,krungsri,,CHF,41.43,41.5
2026-06-03,2026-06-03 09:00:02,krungsri,,CNY,4.8225,4.8351
2026-06-03,2026-06-03 09:00:02,krungsri,,DKK,5.0805,5.0865
2026-06-03,2026-06-03 09:00:02,krungsri,,GBP,43.946,44.057
2026-06-03,2026-06-03 09:00:02,krungsri,,NOK,3.5159,3.5212
2026-06-03,2026-06-03 09:00:02,krungsri,,NZD,19.36,19.39
2026-06-03,2026-06-03 09:00:02,krungsri,,SEK,3.501,3.506
2026-06-03,2026-06-03 09:00:02,krungsri,,TWD,1.0371,1.043
2026-06-03,2026-06-03 09:00:02,superrich,2026-06-03T08:56:43.916Z,USD,32.5,32.65
2026-06-03,2026-06-03 09:00:02,superrich,2026-06-03T08:56:43.916Z,GBP,43.75,43.9
2026-06-03,2026-06-03 09:00:02,superrich,2026-06-03T08:56:43.916Z,EUR,37.8,37.9
2026-06-03,2026-06-03 09:00:02,superrich,2026-06-03T08:56:43.916Z,CHF,41.25,41.4
2026-06-03,2026-06-03 09:00:02,superrich,2026-06-03T08:56:43.916Z,AUD,23.25,23.4
2026-06-03,2026-06-03 09:00:02,superrich,2026-06-03T08:56:43.916Z,JPY,0.2035,0.205
2026-06-03,2026-06-03 09:00:02,superrich,2026-06-03T08:56:43.916Z,SGD,25.35,25.5
2026-06-03,2026-06-03 09:00:02,superrich,2026-06-03T08:56:43.916Z,HKD,4.14,4.17
2026-06-03,2026-06-03 09:00:02,superrich,2026-06-03T08:56:43.916Z,CAD,23.45,23.6
2026-06-03,2026-06-03 09:00:02,superrich,2026-06-03T08:56:43.916Z,DKK,4.6,4.8
2026-06-03,2026-06-03 09:00:02,superrich,2026-06-03T08:56:43.916Z,NOK,2.9,3.1
2026-06-03,2026-06-03 09:00:02,superrich,2026-06-03T08:56:43.916Z,SEK,3,3.2
2026-06-03,2026-06-03 09:00:02,superrich,2026-06-03T08:56:43.916Z,TWD,0.99,1.01
2026-06-03,2026-06-03 09:00:02,superrich,2026-06-03T08:56:43.916Z,KRW,0.0218,0.0222
2026-06-03,2026-06-03 09:00:02,superrich,2026-06-03T08:56:43.916Z,CNY,4.79,4.82
2026-06-03,2026-06-03 09:00:02,superrich,2026-06-03T08:56:43.916Z,NZD,19.2,19.35
2026-06-03,2026-06-03 09:00:02,superrich,2026-06-03T08:56:43.916Z,SAR,8.55,8.7
2026-06-03,2026-06-03 09:00:02,superrich,2026-06-03T08:56:43.916Z,AED,8.75,8.9
2026-06-03,2026-06-03 09:00:02,superrich,2026-06-03T08:56:43.916Z,QAR,8.65,8.85
2026-06-03,2026-06-03 09:00:02,superrich,2026-06-03T08:56:43.916Z,INR,0.33,0.345
2026-06-03,2026-06-03 09:00:02,mastercard,2026-06-02,USD,32.69,32.69
2026-06-03,2026-06-03 09:00:02,mastercard,2026-06-02,EUR,38.103431,38.103431
2026-06-03,2026-06-03 09:00:02,mastercard,2026-06-02,GBP,44.082447,44.082447
2026-06-03,2026-06-03 09:00:02,mastercard,2026-06-02,CNY,4.835084,4.835084
2026-06-03,2026-06-03 09:00:02,mastercard,2026-06-02,AUD,23.504103,23.504103
2026-06-03,2026-06-03 09:00:02,mastercard,2026-06-02,KRW,0.021659,0.021659
2026-06-03,2026-06-03 09:00:02,mastercard,2026-06-02,CHF,41.685794,41.685794
2026-06-03,2026-06-03 09:00:02,mastercard,2026-06-02,JPY,0.204889,0.204889
2026-06-03,2026-06-03 09:00:02,mastercard,2026-06-02,SGD,25.597056,25.597056
2026-06-03,2026-06-03 09:00:02,mastercard,2026-06-02,HKD,4.171558,4.171558
2026-06-04,2026-06-04 09:00:01,krungthai,2026-06-04 09:00:00,USD,32.68,32.73
2026-06-04,2026-06-04 09:00:01,krungthai,2026-06-04 09:00:00,EUR,37.96,38
2026-06-04,2026-06-04 09:00:01,krungthai,2026-06-04 09:00:00,JPY,0.2044,0.2047
2026-06-04,2026-06-04 09:00:01,krungthai,2026-06-04 09:00:00,GBP,43.9,43.95
2026-06-04,2026-06-04 09:00:01,krungthai,2026-06-04 09:00:00,CNY,4.818,4.848
2026-06-04,2026-06-04 09:00:01,krungthai,2026-06-04 09:00:00,AED,8.897,8.917
2026-06-04,2026-06-04 09:00:01,krungthai,2026-06-04 09:00:00,AUD,23.31,23.35
2026-06-04,2026-06-04 09:00:01,krungthai,2026-06-04 09:00:00,CAD,23.52,23.56
2026-06-04,2026-06-04 09:00:01,krungthai,2026-06-04 09:00:00,CHF,41.35,41.39
2026-06-04,2026-06-04 09:00:01,krungthai,2026-06-04 09:00:00,DKK,5.063,5.083
2026-06-04,2026-06-04 09:00:01,krungthai,2026-06-04 09:00:00,HKD,4.166,4.186
2026-06-04,2026-06-04 09:00:01,krungthai,2026-06-04 09:00:00,INR,0.3319,0.3419
2026-06-04,2026-06-04 09:00:01,krungthai,2026-06-04 09:00:00,KRW,0.0212,0.0215
2026-06-04,2026-06-04 09:00:01,krungthai,2026-06-04 09:00:00,NOK,3.492,3.512
2026-06-04,2026-06-04 09:00:01,krungthai,2026-06-04 09:00:00,NZD,19.18,19.22
2026-06-04,2026-06-04 09:00:01,krungthai,2026-06-04 09:00:00,QAR,8.971,8.995
2026-06-04,2026-06-04 09:00:01,krungthai,2026-06-04 09:00:00,SAR,8.706,8.726
2026-06-04,2026-06-04 09:00:01,krungthai,2026-06-04 09:00:00,SEK,3.464,3.484
2026-06-04,2026-06-04 09:00:01,krungthai,2026-06-04 09:00:00,SGD,25.48,25.52
2026-06-04,2026-06-04 09:00:01,krungthai,2026-06-04 09:00:00,TWD,1.0347,1.0405
2026-06-04,2026-06-04 09:00:01,krungsri,,JPY,0.2043,0.2047
2026-06-04,2026-06-04 09:00:01,krungsri,,KRW,0.0212,0.0215
2026-06-04,2026-06-04 09:00:01,krungsri,,HKD,4.1725,4.1777
2026-06-04,2026-06-04 09:00:01,krungsri,,SGD,25.4634,25.5205
2026-06-04,2026-06-04 09:00:01,krungsri,,USD,32.69,32.74
2026-06-04,2026-06-04 09:00:01,krungsri,,EUR,37.9266,38.0295
2026-06-04,2026-06-04 09:00:01,krungsri,,AUD,23.3,23.35
2026-06-04,2026-06-04 09:00:01,krungsri,,CAD,23.51,23.56
2026-06-04,2026-06-04 09:00:01,krungsri,,CHF,41.32,41.41
2026-06-04,2026-06-04 09:00:01,krungsri,,CNY,4.8227,4.8364
2026-06-04,2026-06-04 09:00:01,krungsri,,DKK,5.0775,5.085
2026-06-04,2026-06-04 09:00:01,krungsri,,GBP,43.866,43.987
2026-06-04,2026-06-04 09:00:01,krungsri,,NOK,3.5046,3.516
2026-06-04,2026-06-04 09:00:01,krungsri,,NZD,19.18,19.22
2026-06-04,2026-06-04 09:00:01,krungsri,,SEK,3.4798,3.4857
2026-06-04,2026-06-04 09:00:01,krungsri,,TWD,1.0363,1.0425
2026-06-04,2026-06-04 09:00:01,superrich,2026-06-04T08:52:56.040Z,USD,32.63,32.7
2026-06-04,2026-06-04 09:00:01,superrich,2026-06-04T08:52:56.040Z,GBP,43.8,43.95
2026-06-04,2026-06-04 09:00:01,superrich,2026-06-04T08:52:56.040Z,EUR,37.85,38
2026-06-04,2026-06-04 09:00:01,superrich,2026-06-04T08:52:56.040Z,CHF,41.2,41.35
2026-06-04,2026-06-04 09:00:01,superrich,2026-06-04T08:52:56.040Z,AUD,23.2,23.35
2026-06-04,2026-06-04 09:00:01,superrich,2026-06-04T08:52:56.040Z,JPY,0.2035,0.205
2026-06-04,2026-06-04 09:00:01,superrich,2026-06-04T08:52:56.040Z,SGD,25.4,25.55
2026-06-04,2026-06-04 09:00:01,superrich,2026-06-04T08:52:56.040Z,HKD,4.16,4.19
2026-06-04,2026-06-04 09:00:01,superrich,2026-06-04T08:52:56.040Z,CAD,23.4,23.55
2026-06-04,2026-06-04 09:00:01,superrich,2026-06-04T08:52:56.040Z,DKK,4.6,4.8
2026-06-04,2026-06-04 09:00:01,superrich,2026-06-04T08:52:56.040Z,NOK,2.9,3.1
2026-06-04,2026-06-04 09:00:01,superrich,2026-06-04T08:52:56.040Z,SEK,3,3.2
2026-06-04,2026-06-04 09:00:01,superrich,2026-06-04T08:52:56.040Z,TWD,0.995,1.015
2026-06-04,2026-06-04 09:00:01,superrich,2026-06-04T08:52:56.040Z,KRW,0.0218,0.0221
2026-06-04,2026-06-04 09:00:01,superrich,2026-06-04T08:52:56.040Z,CNY,4.8,4.83
2026-06-04,2026-06-04 09:00:01,superrich,2026-06-04T08:52:56.040Z,NZD,19.1,19.25
2026-06-04,2026-06-04 09:00:01,superrich,2026-06-04T08:52:56.040Z,SAR,8.6,8.75
2026-06-04,2026-06-04 09:00:01,superrich,2026-06-04T08:52:56.040Z,AED,8.8,8.95
2026-06-04,2026-06-04 09:00:01,superrich,2026-06-04T08:52:56.040Z,QAR,8.7,8.9
2026-06-04,2026-06-04 09:00:01,superrich,2026-06-04T08:52:56.040Z,INR,0.33,0.345
2026-06-04,2026-06-04 09:00:01,mastercard,2026-06-03,USD,32.82,32.82
2026-06-04,2026-06-04 09:00:01,mastercard,2026-06-03,EUR,38.209041,38.209041
2026-06-04,2026-06-04 09:00:01,mastercard,2026-06-03,GBP,44.25447,44.25447
2026-06-04,2026-06-04 09:00:01,mastercard,2026-06-03,CNY,4.851943,4.851943
2026-06-04,2026-06-04 09:00:01,mastercard,2026-06-03,AUD,23.594282,23.594282
2026-06-04,2026-06-04 09:00:01,mastercard,2026-06-03,KRW,0.021657,0.021657
2026-06-04,2026-06-04 09:00:01,mastercard,2026-06-03,CHF,41.776986,41.776986
2026-06-04,2026-06-04 09:00:01,mastercard,2026-06-03,JPY,0.205962,0.205962
2026-06-04,2026-06-04 09:00:01,mastercard,2026-06-03,SGD,25.674724,25.674724
2026-06-04,2026-06-04 09:00:01,mastercard,2026-06-03,HKD,4.189003,4.189003
2026-06-05,2026-06-05 09:00:06,krungthai,2026-06-05 09:00:00,USD,32.64,32.69
2026-06-05,2026-06-05 09:00:06,krungthai,2026-06-05 09:00:00,EUR,37.93,37.97
2026-06-05,2026-06-05 09:00:06,krungthai,2026-06-05 09:00:00,JPY,0.2041,0.2044
2026-06-05,2026-06-05 09:00:06,krungthai,2026-06-05 09:00:00,GBP,43.84,43.89
2026-06-05,2026-06-05 09:00:06,krungthai,2026-06-05 09:00:00,CNY,4.813,4.843
2026-06-05,2026-06-05 09:00:06,krungthai,2026-06-05 09:00:00,AED,8.889,8.909
2026-06-05,2026-06-05 09:00:06,krungthai,2026-06-05 09:00:00,AUD,23.24,23.28
2026-06-05,2026-06-05 09:00:06,krungthai,2026-06-05 09:00:00,CAD,23.48,23.52
2026-06-05,2026-06-05 09:00:06,krungthai,2026-06-05 09:00:00,CHF,41.38,41.42
2026-06-05,2026-06-05 09:00:06,krungthai,2026-06-05 09:00:00,DKK,5.059,5.079
2026-06-05,2026-06-05 09:00:06,krungthai,2026-06-05 09:00:00,HKD,4.163,4.183
2026-06-05,2026-06-05 09:00:06,krungthai,2026-06-05 09:00:00,INR,0.3312,0.3412
2026-06-05,2026-06-05 09:00:06,krungthai,2026-06-05 09:00:00,KRW,0.021,0.0213
2026-06-05,2026-06-05 09:00:06,krungthai,2026-06-05 09:00:00,NOK,3.477,3.497
2026-06-05,2026-06-05 09:00:06,krungthai,2026-06-05 09:00:00,NZD,19.13,19.17
2026-06-05,2026-06-05 09:00:06,krungthai,2026-06-05 09:00:00,QAR,8.953,8.996
2026-06-05,2026-06-05 09:00:06,krungthai,2026-06-05 09:00:00,SAR,8.695,8.715
2026-06-05,2026-06-05 09:00:06,krungthai,2026-06-05 09:00:00,SEK,3.463,3.483
2026-06-05,2026-06-05 09:00:06,krungthai,2026-06-05 09:00:00,SGD,25.4,25.44
2026-06-05,2026-06-05 09:00:06,krungthai,2026-06-05 09:00:00,TWD,1.0319,1.0377
2026-06-05,2026-06-05 09:00:06,krungsri,,JPY,0.2041,0.2044
2026-06-05,2026-06-05 09:00:06,krungsri,,KRW,0.0209,0.0212
2026-06-05,2026-06-05 09:00:06,krungsri,,HKD,4.1708,4.1735
2026-06-05,2026-06-05 09:00:06,krungsri,,SGD,25.4023,25.4298
2026-06-05,2026-06-05 09:00:06,krungsri,,USD,32.655,32.715
2026-06-05,2026-06-05 09:00:06,krungsri,,EUR,37.9164,37.9962
2026-06-05,2026-06-05 09:00:06,krungsri,,AUD,23.25,23.29
2026-06-05,2026-06-05 09:00:06,krungsri,,CAD,23.48,23.52
2026-06-05,2026-06-05 09:00:06,krungsri,,CHF,41.37,41.43
2026-06-05,2026-06-05 09:00:06,krungsri,,CNY,4.8185,4.8296
2026-06-05,2026-06-05 09:00:06,krungsri,,DKK,5.0757,5.0796
2026-06-05,2026-06-05 09:00:06,krungsri,,GBP,43.833,43.923
2026-06-05,2026-06-05 09:00:06,krungsri,,NOK,3.4936,3.4983
2026-06-05,2026-06-05 09:00:06,krungsri,,NZD,19.12,19.15
2026-06-05,2026-06-05 09:00:06,krungsri,,SEK,3.4792,3.4832
2026-06-05,2026-06-05 09:00:06,krungsri,,TWD,1.0341,1.0397
2026-06-05,2026-06-05 09:00:06,superrich,2026-06-05T08:49:41.210Z,USD,32.63,32.7
2026-06-05,2026-06-05 09:00:06,superrich,2026-06-05T08:49:41.210Z,GBP,43.75,43.9
2026-06-05,2026-06-05 09:00:06,superrich,2026-06-05T08:49:41.210Z,EUR,37.85,38
2026-06-05,2026-06-05 09:00:06,superrich,2026-06-05T08:49:41.210Z,CHF,41.25,41.4
2026-06-05,2026-06-05 09:00:06,superrich,2026-06-05T08:49:41.210Z,AUD,23.1,23.25
2026-06-05,2026-06-05 09:00:06,superrich,2026-06-05T08:49:41.210Z,JPY,0.2035,0.205
2026-06-05,2026-06-05 09:00:06,superrich,2026-06-05T08:49:41.210Z,SGD,25.3,25.45
2026-06-05,2026-06-05 09:00:06,superrich,2026-06-05T08:49:41.210Z,HKD,4.17,4.2
2026-06-05,2026-06-05 09:00:06,superrich,2026-06-05T08:49:41.210Z,CAD,23.4,23.55
2026-06-05,2026-06-05 09:00:06,superrich,2026-06-05T08:49:41.210Z,DKK,4.6,4.8
2026-06-05,2026-06-05 09:00:06,superrich,2026-06-05T08:49:41.210Z,NOK,2.9,3.1
2026-06-05,2026-06-05 09:00:06,superrich,2026-06-05T08:49:41.210Z,SEK,3.05,3.2
2026-06-05,2026-06-05 09:00:06,superrich,2026-06-05T08:49:41.210Z,TWD,1,1.015
2026-06-05,2026-06-05 09:00:06,superrich,2026-06-05T08:49:41.210Z,KRW,0.0215,0.0219
2026-06-05,2026-06-05 09:00:06,superrich,2026-06-05T08:49:41.210Z,CNY,4.8,4.83
2026-06-05,2026-06-05 09:00:06,superrich,2026-06-05T08:49:41.210Z,NZD,19,19.15
2026-06-05,2026-06-05 09:00:06,superrich,2026-06-05T08:49:41.210Z,SAR,8.55,8.7
2026-06-05,2026-06-05 09:00:06,superrich,2026-06-05T08:49:41.210Z,AED,8.75,8.9
2026-06-05,2026-06-05 09:00:06,superrich,2026-06-05T08:49:41.210Z,QAR,8.7,8.85
2026-06-05,2026-06-05 09:00:06,superrich,2026-06-05T08:49:41.210Z,INR,0.33,0.345
2026-06-05,2026-06-05 09:00:06,mastercard,2026-06-04,USD,32.79,32.79
2026-06-05,2026-06-05 09:00:06,mastercard,2026-06-04,EUR,38.18723,38.18723
2026-06-05,2026-06-05 09:00:06,mastercard,2026-06-04,GBP,44.154956,44.154956
2026-06-05,2026-06-05 09:00:06,mastercard,2026-06-04,CNY,4.842354,4.842354
2026-06-05,2026-06-05 09:00:06,mastercard,2026-06-04,AUD,23.448126,23.448126
2026-06-05,2026-06-05 09:00:06,mastercard,2026-06-04,KRW,0.021541,0.021541
2026-06-05,2026-06-05 09:00:06,mastercard,2026-06-04,CHF,41.685736,41.685736
2026-06-05,2026-06-05 09:00:06,mastercard,2026-06-04,JPY,0.205322,0.205322
2026-06-05,2026-06-05 09:00:06,mastercard,2026-06-04,SGD,25.585206,25.585206
2026-06-05,2026-06-05 09:00:06,mastercard,2026-06-04,HKD,4.186242,4.186242
2026-06-06,2026-06-06 09:00:05,krungthai,2026-06-06 09:00:00,USD,32.78,32.83
2026-06-06,2026-06-06 09:00:05,krungthai,2026-06-06 09:00:00,EUR,37.8,37.84
2026-06-06,2026-06-06 09:00:05,krungthai,2026-06-06 09:00:00,JPY,0.2046,0.205
2026-06-06,2026-06-06 09:00:05,krungthai,2026-06-06 09:00:00,GBP,43.75,43.79
2026-06-06,2026-06-06 09:00:05,krungthai,2026-06-06 09:00:00,CNY,4.819,4.854
2026-06-06,2026-06-06 09:00:05,krungthai,2026-06-06 09:00:00,AED,8.921,8.946
2026-06-06,2026-06-06 09:00:05,krungthai,2026-06-06 09:00:00,AUD,23.08,23.12
2026-06-06,2026-06-06 09:00:05,krungthai,2026-06-06 09:00:00,CAD,23.52,23.56
2026-06-06,2026-06-06 09:00:05,krungthai,2026-06-06 09:00:00,CHF,41.21,41.25
2026-06-06,2026-06-06 09:00:05,krungthai,2026-06-06 09:00:00,DKK,5.031,5.061
2026-06-06,2026-06-06 09:00:05,krungthai,2026-06-06 09:00:00,HKD,4.181,4.201
2026-06-06,2026-06-06 09:00:05,krungthai,2026-06-06 09:00:00,INR,0.3307,0.3457
2026-06-06,2026-06-06 09:00:05,krungthai,2026-06-06 09:00:00,KRW,0.021,0.0213
2026-06-06,2026-06-06 09:00:05,krungthai,2026-06-06 09:00:00,NOK,3.438,3.468
2026-06-06,2026-06-06 09:00:05,krungthai,2026-06-06 09:00:00,NZD,18.99,19.03
2026-06-06,2026-06-06 09:00:05,krungthai,2026-06-06 09:00:00,QAR,9.01,9.035
2026-06-06,2026-06-06 09:00:05,krungthai,2026-06-06 09:00:00,SAR,8.727,8.752
2026-06-06,2026-06-06 09:00:05,krungthai,2026-06-06 09:00:00,SEK,3.435,3.465
2026-06-06,2026-06-06 09:00:05,krungthai,2026-06-06 09:00:00,SGD,25.4,25.45
2026-06-06,2026-06-06 09:00:05,krungthai,2026-06-06 09:00:00,TWD,1.0339,1.0397
2026-06-06,2026-06-06 09:00:05,krungsri,,JPY,0.2045,0.2048
2026-06-06,2026-06-06 09:00:05,krungsri,,KRW,0.0208,0.0212
2026-06-06,2026-06-06 09:00:05,krungsri,,HKD,4.186,4.1911
2026-06-06,2026-06-06 09:00:05,krungsri,,SGD,25.375,25.4615
2026-06-06,2026-06-06 09:00:05,krungsri,,USD,32.8,32.85
2026-06-06,2026-06-06 09:00:05,krungsri,,EUR,37.7623,37.86
2026-06-06,2026-06-06 09:00:05,krungsri,,AUD,23.1,23.15
2026-06-06,2026-06-06 09:00:05,krungsri,,CAD,23.53,23.57
2026-06-06,2026-06-06 09:00:05,krungsri,,CHF,41.18,41.24
2026-06-06,2026-06-06 09:00:05,krungsri,,CNY,4.8454,4.8576
2026-06-06,2026-06-06 09:00:05,krungsri,,DKK,5.0558,5.0617
2026-06-06,2026-06-06 09:00:05,krungsri,,GBP,43.732,43.845
2026-06-06,2026-06-06 09:00:05,krungsri,,NOK,3.4573,3.4772
2026-06-06,2026-06-06 09:00:05,krungsri,,NZD,19,19.03
2026-06-06,2026-06-06 09:00:05,krungsri,,SEK,3.4583,3.4763
2026-06-06,2026-06-06 09:00:05,krungsri,,TWD,1.0356,1.0416
2026-06-06,2026-06-06 09:00:05,superrich,2026-06-05T17:57:42.233Z,USD,32.56,32.61
2026-06-06,2026-06-06 09:00:05,superrich,2026-06-05T17:57:42.233Z,GBP,43.75,43.9
2026-06-06,2026-06-06 09:00:05,superrich,2026-06-05T17:57:42.233Z,EUR,37.85,38
2026-06-06,2026-06-06 09:00:05,superrich,2026-06-05T17:57:42.233Z,CHF,41.2,41.35
2026-06-06,2026-06-06 09:00:05,superrich,2026-06-05T17:57:42.233Z,AUD,23.15,23.25
2026-06-06,2026-06-06 09:00:05,superrich,2026-06-05T17:57:42.233Z,JPY,0.203,0.2045
2026-06-06,2026-06-06 09:00:05,superrich,2026-06-05T17:57:42.233Z,SGD,25.3,25.45
2026-06-06,2026-06-06 09:00:05,superrich,2026-06-05T17:57:42.233Z,HKD,4.15,4.18
2026-06-06,2026-06-06 09:00:05,superrich,2026-06-05T17:57:42.233Z,CAD,23.4,23.55
2026-06-06,2026-06-06 09:00:05,superrich,2026-06-05T17:57:42.233Z,DKK,4.6,4.8
2026-06-06,2026-06-06 09:00:05,superrich,2026-06-05T17:57:42.233Z,NOK,2.9,3.1
2026-06-06,2026-06-06 09:00:05,superrich,2026-06-05T17:57:42.233Z,SEK,3.05,3.2
2026-06-06,2026-06-06 09:00:05,superrich,2026-06-05T17:57:42.233Z,TWD,0.995,1.01
2026-06-06,2026-06-06 09:00:05,superrich,2026-06-05T17:57:42.233Z,KRW,0.0214,0.0218
2026-06-06,2026-06-06 09:00:05,superrich,2026-06-05T17:57:42.233Z,CNY,4.8,4.83
2026-06-06,2026-06-06 09:00:05,superrich,2026-06-05T17:57:42.233Z,NZD,19,19.1
2026-06-06,2026-06-06 09:00:05,superrich,2026-06-05T17:57:42.233Z,SAR,8.5,8.65
2026-06-06,2026-06-06 09:00:05,superrich,2026-06-05T17:57:42.233Z,AED,8.7,8.85
2026-06-06,2026-06-06 09:00:05,superrich,2026-06-05T17:57:42.233Z,QAR,8.65,8.8
2026-06-06,2026-06-06 09:00:05,superrich,2026-06-05T17:57:42.233Z,INR,0.33,0.345
2026-06-06,2026-06-06 09:00:05,mastercard,2026-06-05,EUR,38.25381,38.25381
2026-06-06,2026-06-06 09:00:05,mastercard,2026-06-05,GBP,44.304779,44.304779
2026-06-06,2026-06-06 09:00:05,mastercard,2026-06-05,CNY,4.856163,4.856163
2026-06-06,2026-06-06 09:00:05,mastercard,2026-06-05,AUD,23.484449,23.484449
2026-06-06,2026-06-06 09:00:05,mastercard,2026-06-05,KRW,0.021447,0.021447
2026-06-06,2026-06-06 09:00:05,mastercard,2026-06-05,CHF,41.740788,41.740788
2026-06-06,2026-06-06 09:00:05,mastercard,2026-06-05,USD,32.85,32.85
2026-06-06,2026-06-06 09:00:05,mastercard,2026-06-05,JPY,0.205544,0.205544
2026-06-06,2026-06-06 09:00:05,mastercard,2026-06-05,SGD,25.616032,25.616032
2026-06-06,2026-06-06 09:00:05,mastercard,2026-06-05,HKD,4.194545,4.194545
2026-06-07,2026-06-07 09:00:00,krungthai,2026-06-07 09:00:00,USD,32.78,32.83
2026-06-07,2026-06-07 09:00:00,krungthai,2026-06-07 09:00:00,EUR,37.8,37.84
2026-06-07,2026-06-07 09:00:00,krungthai,2026-06-07 09:00:00,JPY,0.2046,0.205
2026-06-07,2026-06-07 09:00:00,krungthai,2026-06-07 09:00:00,GBP,43.75,43.79
2026-06-07,2026-06-07 09:00:00,krungthai,2026-06-07 09:00:00,CNY,4.819,4.854
2026-06-07,2026-06-07 09:00:00,krungthai,2026-06-07 09:00:00,AED,8.921,8.946
2026-06-07,2026-06-07 09:00:00,krungthai,2026-06-07 09:00:00,AUD,23.08,23.12
2026-06-07,2026-06-07 09:00:00,krungthai,2026-06-07 09:00:00,CAD,23.52,23.56
2026-06-07,2026-06-07 09:00:00,krungthai,2026-06-07 09:00:00,CHF,41.21,41.25
2026-06-07,2026-06-07 09:00:00,krungthai,2026-06-07 09:00:00,DKK,5.031,5.061
2026-06-07,2026-06-07 09:00:00,krungthai,2026-06-07 09:00:00,HKD,4.181,4.201
2026-06-07,2026-06-07 09:00:00,krungthai,2026-06-07 09:00:00,INR,0.3307,0.3457
2026-06-07,2026-06-07 09:00:00,krungthai,2026-06-07 09:00:00,KRW,0.021,0.0213
2026-06-07,2026-06-07 09:00:00,krungthai,2026-06-07 09:00:00,NOK,3.438,3.468
2026-06-07,2026-06-07 09:00:00,krungthai,2026-06-07 09:00:00,NZD,18.99,19.03
2026-06-07,2026-06-07 09:00:00,krungthai,2026-06-07 09:00:00,QAR,9.01,9.035
2026-06-07,2026-06-07 09:00:00,krungthai,2026-06-07 09:00:00,SAR,8.727,8.752
2026-06-07,2026-06-07 09:00:00,krungthai,2026-06-07 09:00:00,SEK,3.435,3.465
2026-06-07,2026-06-07 09:00:00,krungthai,2026-06-07 09:00:00,SGD,25.4,25.45
2026-06-07,2026-06-07 09:00:00,krungthai,2026-06-07 09:00:00,TWD,1.0339,1.0397
2026-06-07,2026-06-07 09:00:00,krungsri,,JPY,0.2045,0.2048
2026-06-07,2026-06-07 09:00:00,krungsri,,KRW,0.0208,0.0212
2026-06-07,2026-06-07 09:00:00,krungsri,,HKD,4.186,4.1911
2026-06-07,2026-06-07 09:00:00,krungsri,,SGD,25.375,25.4615
2026-06-07,2026-06-07 09:00:00,krungsri,,USD,32.8,32.85
2026-06-07,2026-06-07 09:00:00,krungsri,,EUR,37.7623,37.86
2026-06-07,2026-06-07 09:00:00,krungsri,,AUD,23.1,23.15
2026-06-07,2026-06-07 09:00:00,krungsri,,CAD,23.53,23.57
2026-06-07,2026-06-07 09:00:00,krungsri,,CHF,41.18,41.24
2026-06-07,2026-06-07 09:00:00,krungsri,,CNY,4.8454,4.8576
2026-06-07,2026-06-07 09:00:00,krungsri,,DKK,5.0558,5.0617
2026-06-07,2026-06-07 09:00:00,krungsri,,GBP,43.732,43.845
2026-06-07,2026-06-07 09:00:00,krungsri,,NOK,3.4573,3.4772
2026-06-07,2026-06-07 09:00:00,krungsri,,NZD,19,19.03
2026-06-07,2026-06-07 09:00:00,krungsri,,SEK,3.4583,3.4763
2026-06-07,2026-06-07 09:00:00,krungsri,,TWD,1.0356,1.0416
2026-06-07,2026-06-07 09:00:00,superrich,2026-06-06T16:59:44.136Z,USD,32.68,32.75
2026-06-07,2026-06-07 09:00:00,superrich,2026-06-06T16:59:44.136Z,GBP,43.6,43.75
2026-06-07,2026-06-07 09:00:00,superrich,2026-06-06T16:59:44.136Z,EUR,37.6,37.75
2026-06-07,2026-06-07 09:00:00,superrich,2026-06-06T16:59:44.136Z,CHF,41.05,41.2
2026-06-07,2026-06-07 09:00:00,superrich,2026-06-06T16:59:44.136Z,AUD,23,23.15
2026-06-07,2026-06-07 09:00:00,superrich,2026-06-06T16:59:44.136Z,JPY,0.2035,0.2045
2026-06-07,2026-06-07 09:00:00,superrich,2026-06-06T16:59:44.136Z,SGD,25.35,25.45
2026-06-07,2026-06-07 09:00:00,superrich,2026-06-06T16:59:44.136Z,HKD,4.16,4.19
2026-06-07,2026-06-07 09:00:00,superrich,2026-06-06T16:59:44.136Z,CAD,23.4,23.55
2026-06-07,2026-06-07 09:00:00,superrich,2026-06-06T16:59:44.136Z,DKK,4.6,4.8
2026-06-07,2026-06-07 09:00:00,superrich,2026-06-06T16:59:44.136Z,NOK,2.9,3.1
2026-06-07,2026-06-07 09:00:00,superrich,2026-06-06T16:59:44.136Z,SEK,3.05,3.2
2026-06-07,2026-06-07 09:00:00,superrich,2026-06-06T16:59:44.136Z,TWD,1,1.015
2026-06-07,2026-06-07 09:00:00,superrich,2026-06-06T16:59:44.136Z,KRW,0.0214,0.0218
2026-06-07,2026-06-07 09:00:00,superrich,2026-06-06T16:59:44.136Z,CNY,4.82,4.85
2026-06-07,2026-06-07 09:00:00,superrich,2026-06-06T16:59:44.136Z,NZD,18.9,19
2026-06-07,2026-06-07 09:00:00,superrich,2026-06-06T16:59:44.136Z,SAR,8.6,8.75
2026-06-07,2026-06-07 09:00:00,superrich,2026-06-06T16:59:44.136Z,AED,8.8,8.95
2026-06-07,2026-06-07 09:00:00,superrich,2026-06-06T16:59:44.136Z,QAR,8.7,8.85
2026-06-07,2026-06-07 09:00:00,superrich,2026-06-06T16:59:44.136Z,INR,0.335,0.345
2026-06-07,2026-06-07 09:00:00,mastercard,2026-06-06,USD,32.85,32.85
2026-06-07,2026-06-07 09:00:00,mastercard,2026-06-06,EUR,38.25381,38.25381
2026-06-07,2026-06-07 09:00:00,mastercard,2026-06-06,GBP,44.304779,44.304779
2026-06-07,2026-06-07 09:00:00,mastercard,2026-06-06,CNY,4.856163,4.856163
2026-06-07,2026-06-07 09:00:00,mastercard,2026-06-06,AUD,23.484449,23.484449
2026-06-07,2026-06-07 09:00:00,mastercard,2026-06-06,KRW,0.021447,0.021447
2026-06-07,2026-06-07 09:00:00,mastercard,2026-06-06,CHF,41.740788,41.740788
2026-06-07,2026-06-07 09:00:00,mastercard,2026-06-06,JPY,0.205544,0.205544
2026-06-07,2026-06-07 09:00:00,mastercard,2026-06-06,SGD,25.616032,25.616032
2026-06-07,2026-06-07 09:00:00,mastercard,2026-06-06,HKD,4.194545,4.194545
2026-06-08,2026-06-08 10:46:59,krungthai,2026-06-08 10:47:00,USD,32.8,32.85
2026-06-08,2026-06-08 10:46:59,krungthai,2026-06-08 10:47:00,EUR,37.84,37.88
2026-06-08,2026-06-08 10:46:59,krungthai,2026-06-08 10:47:00,JPY,0.2045,0.2048
2026-06-08,2026-06-08 10:46:59,krungthai,2026-06-08 10:47:00,GBP,43.78,43.82
2026-06-08,2026-06-08 10:46:59,krungthai,2026-06-08 10:47:00,CNY,4.829,4.859
2026-06-08,2026-06-08 10:46:59,krungthai,2026-06-08 10:47:00,AED,8.931,8.951
2026-06-08,2026-06-08 10:46:59,krungthai,2026-06-08 10:47:00,AUD,23.12,23.16
2026-06-08,2026-06-08 10:46:59,krungthai,2026-06-08 10:47:00,CAD,23.52,23.56
2026-06-08,2026-06-08 10:46:59,krungthai,2026-06-08 10:47:00,CHF,41.18,41.22
2026-06-08,2026-06-08 10:46:59,krungthai,2026-06-08 10:47:00,DKK,5.046,5.066
2026-06-08,2026-06-08 10:46:59,krungthai,2026-06-08 10:47:00,HKD,4.181,4.201
2026-06-08,2026-06-08 10:46:59,krungthai,2026-06-08 10:47:00,INR,0.3345,0.3445
2026-06-08,2026-06-08 10:46:59,krungthai,2026-06-08 10:47:00,KRW,0.0211,0.0214
2026-06-08,2026-06-08 10:46:59,krungthai,2026-06-08 10:47:00,NOK,3.458,3.478
2026-06-08,2026-06-08 10:46:59,krungthai,2026-06-08 10:47:00,NZD,19.04,19.08
2026-06-08,2026-06-08 10:46:59,krungthai,2026-06-08 10:47:00,QAR,9,9.02
2026-06-08,2026-06-08 10:46:59,krungthai,2026-06-08 10:47:00,SAR,8.736,8.756
2026-06-08,2026-06-08 10:46:59,krungthai,2026-06-08 10:47:00,SEK,3.452,3.472
2026-06-08,2026-06-08 10:46:59,krungthai,2026-06-08 10:47:00,SGD,25.42,25.46
2026-06-08,2026-06-08 10:46:59,krungthai,2026-06-08 10:47:00,TWD,1.0325,1.0383
2026-06-08,2026-06-08 10:46:59,krungsri,,JPY,0.2045,0.2049
2026-06-08,2026-06-08 10:46:59,krungsri,,KRW,0.021,0.0213
2026-06-08,2026-06-08 10:46:59,krungsri,,HKD,4.1888,4.1928
2026-06-08,2026-06-08 10:46:59,krungsri,,SGD,25.4141,25.4572
2026-06-08,2026-06-08 10:46:59,krungsri,,USD,32.82,32.88
2026-06-08,2026-06-08 10:46:59,krungsri,,EUR,37.8149,37.9126
2026-06-08,2026-06-08 10:46:59,krungsri,,AUD,23.12,23.16
2026-06-08,2026-06-08 10:46:59,krungsri,,CAD,23.52,23.57
2026-06-08,2026-06-08 10:46:59,krungsri,,CHF,41.16,41.24
2026-06-08,2026-06-08 10:46:59,krungsri,,CNY,4.8351,4.8476
2026-06-08,2026-06-08 10:46:59,krungsri,,DKK,5.0626,5.0685
2026-06-08,2026-06-08 10:46:59,krungsri,,GBP,43.745,43.872
2026-06-08,2026-06-08 10:46:59,krungsri,,NOK,3.474,3.4794
2026-06-08,2026-06-08 10:46:59,krungsri,,NZD,19.03,19.07
2026-06-08,2026-06-08 10:46:59,krungsri,,SEK,3.4684,3.4735
2026-06-08,2026-06-08 10:46:59,krungsri,,TWD,1.0351,1.041
2026-06-08,2026-06-08 10:46:59,superrich,2026-06-08T10:37:33.806Z,USD,32.78,32.85
2026-06-08,2026-06-08 10:46:59,superrich,2026-06-08T10:37:33.806Z,GBP,43.65,43.8
2026-06-08,2026-06-08 10:46:59,superrich,2026-06-08T10:37:33.806Z,EUR,37.75,37.9
2026-06-08,2026-06-08 10:46:59,superrich,2026-06-08T10:37:33.806Z,CHF,41.05,41.2
2026-06-08,2026-06-08 10:46:59,superrich,2026-06-08T10:37:33.806Z,AUD,23.05,23.2
2026-06-08,2026-06-08 10:46:59,superrich,2026-06-08T10:37:33.806Z,JPY,0.204,0.2055
2026-06-08,2026-06-08 10:46:59,superrich,2026-06-08T10:37:33.806Z,SGD,25.3,25.45
2026-06-08,2026-06-08 10:46:59,superrich,2026-06-08T10:37:33.806Z,HKD,4.18,4.21
2026-06-08,2026-06-08 10:46:59,superrich,2026-06-08T10:37:33.806Z,CAD,23.45,23.6
2026-06-08,2026-06-08 10:46:59,superrich,2026-06-08T10:37:33.806Z,DKK,4.6,4.8
2026-06-08,2026-06-08 10:46:59,superrich,2026-06-08T10:37:33.806Z,NOK,2.9,3.1
2026-06-08,2026-06-08 10:46:59,superrich,2026-06-08T10:37:33.806Z,SEK,3.05,3.2
2026-06-08,2026-06-08 10:46:59,superrich,2026-06-08T10:37:33.806Z,TWD,1,1.015
2026-06-08,2026-06-08 10:46:59,superrich,2026-06-08T10:37:33.806Z,KRW,0.0214,0.0218
2026-06-08,2026-06-08 10:46:59,superrich,2026-06-08T10:37:33.806Z,CNY,4.83,4.86
2026-06-08,2026-06-08 10:46:59,superrich,2026-06-08T10:37:33.806Z,NZD,18.95,19.1
2026-06-08,2026-06-08 10:46:59,superrich,2026-06-08T10:37:33.806Z,SAR,8.65,8.8
2026-06-08,2026-06-08 10:46:59,superrich,2026-06-08T10:37:33.806Z,AED,8.85,9
2026-06-08,2026-06-08 10:46:59,superrich,2026-06-08T10:37:33.806Z,QAR,8.75,8.9
2026-06-08,2026-06-08 10:46:59,superrich,2026-06-08T10:37:33.806Z,INR,0.335,0.35
2026-06-08,2026-06-08 10:46:59,mastercard,2026-06-07,USD,32.85,32.85
2026-06-08,2026-06-08 10:46:59,mastercard,2026-06-07,EUR,38.25381,38.25381
2026-06-08,2026-06-08 10:46:59,mastercard,2026-06-07,GBP,44.304779,44.304779
2026-06-08,2026-06-08 10:46:59,mastercard,2026-06-07,CNY,4.856163,4.856163
2026-06-08,2026-06-08 10:46:59,mastercard,2026-06-07,AUD,23.484449,23.484449
2026-06-08,2026-06-08 10:46:59,mastercard,2026-06-07,KRW,0.021447,0.021447
2026-06-08,2026-06-08 10:46:59,mastercard,2026-06-07,CHF,41.740788,41.740788
2026-06-08,2026-06-08 10:46:59,mastercard,2026-06-07,JPY,0.205544,0.205544
2026-06-08,2026-06-08 10:46:59,mastercard,2026-06-07,SGD,25.616032,25.616032
2026-06-08,2026-06-08 10:46:59,mastercard,2026-06-07,HKD,4.194545,4.194545
2026-06-09,2026-06-09 09:00:00,krungthai,2026-06-09 09:00:00,USD,32.78,32.83
2026-06-09,2026-06-09 09:00:00,krungthai,2026-06-09 09:00:00,EUR,37.84,37.88
2026-06-09,2026-06-09 09:00:00,krungthai,2026-06-09 09:00:00,JPY,0.2046,0.2049
2026-06-09,2026-06-09 09:00:00,krungthai,2026-06-09 09:00:00,GBP,43.78,43.82
2026-06-09,2026-06-09 09:00:00,krungthai,2026-06-09 09:00:00,CNY,4.831,4.861
2026-06-09,2026-06-09 09:00:00,krungthai,2026-06-09 09:00:00,AED,8.926,8.946
2026-06-09,2026-06-09 09:00:00,krungthai,2026-06-09 09:00:00,AUD,23.14,23.18
2026-06-09,2026-06-09 09:00:00,krungthai,2026-06-09 09:00:00,CAD,23.51,23.55
2026-06-09,2026-06-09 09:00:00,krungthai,2026-06-09 09:00:00,CHF,41.12,41.18
2026-06-09,2026-06-09 09:00:00,krungthai,2026-06-09 09:00:00,DKK,5.047,5.067
2026-06-09,2026-06-09 09:00:00,krungthai,2026-06-09 09:00:00,HKD,4.178,4.198
2026-06-09,2026-06-09 09:00:00,krungthai,2026-06-09 09:00:00,INR,0.3329,0.3429
2026-06-09,2026-06-09 09:00:00,krungthai,2026-06-09 09:00:00,KRW,0.0215,0.0218
2026-06-09,2026-06-09 09:00:00,krungthai,2026-06-09 09:00:00,NOK,3.447,3.467
2026-06-09,2026-06-09 09:00:00,krungthai,2026-06-09 09:00:00,NZD,19.06,19.1
2026-06-09,2026-06-09 09:00:00,krungthai,2026-06-09 09:00:00,QAR,8.996,9.021
2026-06-09,2026-06-09 09:00:00,krungthai,2026-06-09 09:00:00,SAR,8.731,8.751
2026-06-09,2026-06-09 09:00:00,krungthai,2026-06-09 09:00:00,SEK,3.463,3.483
2026-06-09,2026-06-09 09:00:00,krungthai,2026-06-09 09:00:00,SGD,25.47,25.52
2026-06-09,2026-06-09 09:00:00,krungthai,2026-06-09 09:00:00,TWD,1.0333,1.0391
2026-06-09,2026-06-09 09:00:00,krungsri,,JPY,0.2047,0.2049
2026-06-09,2026-06-09 09:00:00,krungsri,,KRW,0.0214,0.0217
2026-06-09,2026-06-09 09:00:00,krungsri,,HKD,4.1865,4.1883
2026-06-09,2026-06-09 09:00:00,krungsri,,SGD,25.4755,25.5051
2026-06-09,2026-06-09 09:00:00,krungsri,,USD,32.835,32.895
2026-06-09,2026-06-09 09:00:00,krungsri,,EUR,37.8395,37.9076
2026-06-09,2026-06-09 09:00:00,krungsri,,AUD,23.14,23.18
2026-06-09,2026-06-09 09:00:00,krungsri,,CAD,23.51,23.55
2026-06-09,2026-06-09 09:00:00,krungsri,,CHF,41.14,41.17
2026-06-09,2026-06-09 09:00:00,krungsri,,CNY,4.8435,4.8545
2026-06-09,2026-06-09 09:00:00,krungsri,,DKK,5.0654,5.0676
2026-06-09,2026-06-09 09:00:00,krungsri,,GBP,43.828,43.931
2026-06-09,2026-06-09 09:00:00,krungsri,,NOK,3.4648,3.4679
2026-06-09,2026-06-09 09:00:00,krungsri,,NZD,19.07,19.09
2026-06-09,2026-06-09 09:00:00,krungsri,,SEK,3.4812,3.4838
2026-06-09,2026-06-09 09:00:00,krungsri,,TWD,1.0357,1.041
2026-06-09,2026-06-09 09:00:00,superrich,2026-06-09T08:31:15.556Z,USD,32.74,32.81
2026-06-09,2026-06-09 09:00:00,superrich,2026-06-09T08:31:15.556Z,GBP,43.65,43.8
2026-06-09,2026-06-09 09:00:00,superrich,2026-06-09T08:31:15.556Z,EUR,37.75,37.9
2026-06-09,2026-06-09 09:00:00,superrich,2026-06-09T08:31:15.556Z,CHF,39.95,41.1
2026-06-09,2026-06-09 09:00:00,superrich,2026-06-09T08:31:15.556Z,AUD,23,23.15
2026-06-09,2026-06-09 09:00:00,superrich,2026-06-09T08:31:15.556Z,JPY,0.204,0.2055
2026-06-09,2026-06-09 09:00:00,superrich,2026-06-09T08:31:15.556Z,SGD,25.35,25.5
2026-06-09,2026-06-09 09:00:00,superrich,2026-06-09T08:31:15.556Z,HKD,4.17,4.2
2026-06-09,2026-06-09 09:00:00,superrich,2026-06-09T08:31:15.556Z,CAD,23.4,23.55
2026-06-09,2026-06-09 09:00:00,superrich,2026-06-09T08:31:15.556Z,DKK,4.6,4.8
2026-06-09,2026-06-09 09:00:00,superrich,2026-06-09T08:31:15.556Z,NOK,2.9,3.1
2026-06-09,2026-06-09 09:00:00,superrich,2026-06-09T08:31:15.556Z,SEK,3.05,3.2
2026-06-09,2026-06-09 09:00:00,superrich,2026-06-09T08:31:15.556Z,TWD,1.005,1.015
2026-06-09,2026-06-09 09:00:00,superrich,2026-06-09T08:31:15.556Z,KRW,0.0215,0.0219
2026-06-09,2026-06-09 09:00:00,superrich,2026-06-09T08:31:15.556Z,CNY,4.81,4.85
2026-06-09,2026-06-09 09:00:00,superrich,2026-06-09T08:31:15.556Z,NZD,18.95,19.1
2026-06-09,2026-06-09 09:00:00,superrich,2026-06-09T08:31:15.556Z,SAR,8.65,8.8
2026-06-09,2026-06-09 09:00:00,superrich,2026-06-09T08:31:15.556Z,AED,8.85,9
2026-06-09,2026-06-09 09:00:00,superrich,2026-06-09T08:31:15.556Z,QAR,8.75,8.9
2026-06-09,2026-06-09 09:00:00,superrich,2026-06-09T08:31:15.556Z,INR,0.335,0.35
2026-06-09,2026-06-09 09:00:00,mastercard,2026-06-08,USD,32.97,32.97
2026-06-09,2026-06-09 09:00:00,mastercard,2026-06-08,EUR,38.100103,38.100103
2026-06-09,2026-06-09 09:00:00,mastercard,2026-06-08,GBP,44.090744,44.090744
2026-06-09,2026-06-09 09:00:00,mastercard,2026-06-08,CNY,4.863047,4.863047
2026-06-09,2026-06-09 09:00:00,mastercard,2026-06-08,AUD,23.34275,23.34275
2026-06-09,2026-06-09 09:00:00,mastercard,2026-06-08,KRW,0.021609,0.021609
2026-06-09,2026-06-09 09:00:00,mastercard,2026-06-08,CHF,41.497797,41.497797
2026-06-09,2026-06-09 09:00:00,mastercard,2026-06-08,JPY,0.20623,0.20623
2026-06-09,2026-06-09 09:00:00,mastercard,2026-06-08,SGD,25.631657,25.631657
2026-06-09,2026-06-09 09:00:00,mastercard,2026-06-08,HKD,4.2089,4.2089
2026-06-10,2026-06-10 09:00:01,krungthai,2026-06-10 09:00:00,USD,32.93,32.98
2026-06-10,2026-06-10 09:00:01,krungthai,2026-06-10 09:00:00,EUR,38.02,38.06
2026-06-10,2026-06-10 09:00:01,krungthai,2026-06-10 09:00:00,JPY,0.2053,0.2056
2026-06-10,2026-06-10 09:00:01,krungthai,2026-06-10 09:00:00,GBP,44.07,44.12
2026-06-10,2026-06-10 09:00:01,krungthai,2026-06-10 09:00:00,CNY,4.861,4.871
2026-06-10,2026-06-10 09:00:01,krungthai,2026-06-10 09:00:00,AED,8.968,8.988
2026-06-10,2026-06-10 09:00:01,krungthai,2026-06-10 09:00:00,AUD,23.15,23.19
2026-06-10,2026-06-10 09:00:01,krungthai,2026-06-10 09:00:00,CAD,23.61,23.65
2026-06-10,2026-06-10 09:00:01,krungthai,2026-06-10 09:00:00,CHF,41.21,41.28
2026-06-10,2026-06-10 09:00:01,krungthai,2026-06-10 09:00:00,DKK,5.081,5.091
2026-06-10,2026-06-10 09:00:01,krungthai,2026-06-10 09:00:00,HKD,4.203,4.213
2026-06-10,2026-06-10 09:00:01,krungthai,2026-06-10 09:00:00,INR,0.3358,0.3458
2026-06-10,2026-06-10 09:00:01,krungthai,2026-06-10 09:00:00,KRW,0.0215,0.0218
2026-06-10,2026-06-10 09:00:01,krungthai,2026-06-10 09:00:00,NOK,3.455,3.465
2026-06-10,2026-06-10 09:00:01,krungthai,2026-06-10 09:00:00,NZD,19.16,19.2
2026-06-10,2026-06-10 09:00:01,krungthai,2026-06-10 09:00:00,QAR,9.035,9.055
2026-06-10,2026-06-10 09:00:01,krungthai,2026-06-10 09:00:00,SAR,8.771,8.791
2026-06-10,2026-06-10 09:00:01,krungthai,2026-06-10 09:00:00,SEK,3.47,3.48
2026-06-10,2026-06-10 09:00:01,krungthai,2026-06-10 09:00:00,SGD,25.59,25.63
2026-06-10,2026-06-10 09:00:01,krungthai,2026-06-10 09:00:00,TWD,1.037,1.0428
2026-06-10,2026-06-10 09:00:01,krungsri,,JPY,0.2053,0.2057
2026-06-10,2026-06-10 09:00:01,krungsri,,KRW,0.0214,0.0218
2026-06-10,2026-06-10 09:00:01,krungsri,,HKD,4.2042,4.2098
2026-06-10,2026-06-10 09:00:01,krungsri,,SGD,25.5763,25.6193
2026-06-10,2026-06-10 09:00:01,krungsri,,USD,32.945,33.005
2026-06-10,2026-06-10 09:00:01,krungsri,,EUR,37.9944,38.0939
2026-06-10,2026-06-10 09:00:01,krungsri,,AUD,23.14,23.19
2026-06-10,2026-06-10 09:00:01,krungsri,,CAD,23.6,23.66
2026-06-10,2026-06-10 09:00:01,krungsri,,CHF,41.2,41.29
2026-06-10,2026-06-10 09:00:01,krungsri,,CNY,4.8606,4.8746
2026-06-10,2026-06-10 09:00:01,krungsri,,DKK,5.0859,5.0934
2026-06-10,2026-06-10 09:00:01,krungsri,,GBP,44.041,44.167
2026-06-10,2026-06-10 09:00:01,krungsri,,NOK,3.4607,3.467
2026-06-10,2026-06-10 09:00:01,krungsri,,NZD,19.15,19.2
2026-06-10,2026-06-10 09:00:01,krungsri,,SEK,3.4752,3.4814
2026-06-10,2026-06-10 09:00:01,krungsri,,TWD,1.0388,1.0451
2026-06-10,2026-06-10 09:00:01,superrich,2026-06-10T08:47:38.293Z,USD,32.85,32.95
2026-06-10,2026-06-10 09:00:01,superrich,2026-06-10T08:47:38.293Z,GBP,43.9,44.05
2026-06-10,2026-06-10 09:00:01,superrich,2026-06-10T08:47:38.293Z,EUR,37.85,38
2026-06-10,2026-06-10 09:00:01,superrich,2026-06-10T08:47:38.293Z,CHF,41,41.15
2026-06-10,2026-06-10 09:00:01,superrich,2026-06-10T08:47:38.293Z,AUD,23,23.15
2026-06-10,2026-06-10 09:00:01,superrich,2026-06-10T08:47:38.293Z,JPY,0.2045,0.2055
2026-06-10,2026-06-10 09:00:01,superrich,2026-06-10T08:47:38.293Z,SGD,25.45,25.6
2026-06-10,2026-06-10 09:00:01,superrich,2026-06-10T08:47:38.293Z,HKD,4.19,4.21
2026-06-10,2026-06-10 09:00:01,superrich,2026-06-10T08:47:38.293Z,CAD,23.5,23.65
2026-06-10,2026-06-10 09:00:01,superrich,2026-06-10T08:47:38.293Z,DKK,4.6,4.8
2026-06-10,2026-06-10 09:00:01,superrich,2026-06-10T08:47:38.293Z,NOK,2.9,3.1
2026-06-10,2026-06-10 09:00:01,superrich,2026-06-10T08:47:38.293Z,SEK,3.05,3.2
2026-06-10,2026-06-10 09:00:01,superrich,2026-06-10T08:47:38.293Z,TWD,1.005,1.015
2026-06-10,2026-06-10 09:00:01,superrich,2026-06-10T08:47:38.293Z,KRW,0.0215,0.0219
2026-06-10,2026-06-10 09:00:01,superrich,2026-06-10T08:47:38.293Z,CNY,4.83,4.86
2026-06-10,2026-06-10 09:00:01,superrich,2026-06-10T08:47:38.293Z,NZD,19.05,19.2
2026-06-10,2026-06-10 09:00:01,superrich,2026-06-10T08:47:38.293Z,SAR,8.65,8.8
2026-06-10,2026-06-10 09:00:01,superrich,2026-06-10T08:47:38.293Z,AED,8.85,9
2026-06-10,2026-06-10 09:00:01,superrich,2026-06-10T08:47:38.293Z,QAR,8.75,8.9
2026-06-10,2026-06-10 09:00:01,superrich,2026-06-10T08:47:38.293Z,INR,0.335,0.35
2026-06-10,2026-06-10 09:00:01,mastercard,2026-06-09,USD,32.95,32.95
2026-06-10,2026-06-10 09:00:01,mastercard,2026-06-09,EUR,38.15278,38.15278
2026-06-10,2026-06-10 09:00:01,mastercard,2026-06-09,GBP,44.199117,44.199117
2026-06-10,2026-06-10 09:00:01,mastercard,2026-06-09,CNY,4.868283,4.868283
2026-06-10,2026-06-10 09:00:01,mastercard,2026-06-09,AUD,23.30882,23.30882
2026-06-10,2026-06-10 09:00:01,mastercard,2026-06-09,KRW,0.021825,0.021825
2026-06-10,2026-06-10 09:00:01,mastercard,2026-06-09,CHF,41.462187,41.462187
2026-06-10,2026-06-10 09:00:01,mastercard,2026-06-09,JPY,0.205899,0.205899
2026-06-10,2026-06-10 09:00:01,mastercard,2026-06-09,SGD,25.657997,25.657997
2026-06-10,2026-06-10 09:00:01,mastercard,2026-06-09,HKD,4.205542,4.205542
2026-06-11,2026-06-11 09:00:03,krungthai,2026-06-11 09:00:00,USD,32.87,32.92
2026-06-11,2026-06-11 09:00:03,krungthai,2026-06-11 09:00:00,EUR,38,38.05
2026-06-11,2026-06-11 09:00:03,krungthai,2026-06-11 09:00:00,JPY,0.2048,0.2051
2026-06-11,2026-06-11 09:00:03,krungthai,2026-06-11 09:00:00,GBP,44.03,44.07
2026-06-11,2026-06-11 09:00:03,krungthai,2026-06-11 09:00:00,CNY,4.851,4.861
2026-06-11,2026-06-11 09:00:03,krungthai,2026-06-11 09:00:00,AED,8.951,8.971
2026-06-11,2026-06-11 09:00:03,krungthai,2026-06-11 09:00:00,AUD,23.04,23.08
2026-06-11,2026-06-11 09:00:03,krungthai,2026-06-11 09:00:00,CAD,23.6,23.64
2026-06-11,2026-06-11 09:00:03,krungthai,2026-06-11 09:00:00,CHF,41.2,41.24
2026-06-11,2026-06-11 09:00:03,krungthai,2026-06-11 09:00:00,DKK,5.078,5.088
2026-06-11,2026-06-11 09:00:03,krungthai,2026-06-11 09:00:00,HKD,4.196,4.206
2026-06-11,2026-06-11 09:00:03,krungthai,2026-06-11 09:00:00,INR,0.3355,0.3455
2026-06-11,2026-06-11 09:00:03,krungthai,2026-06-11 09:00:00,KRW,0.0214,0.0217
2026-06-11,2026-06-11 09:00:03,krungthai,2026-06-11 09:00:00,NOK,3.473,3.483
2026-06-11,2026-06-11 09:00:03,krungthai,2026-06-11 09:00:00,NZD,19.07,19.11
2026-06-11,2026-06-11 09:00:03,krungthai,2026-06-11 09:00:00,QAR,9.018,9.038
2026-06-11,2026-06-11 09:00:03,krungthai,2026-06-11 09:00:00,SAR,8.758,8.778
2026-06-11,2026-06-11 09:00:03,krungthai,2026-06-11 09:00:00,SEK,3.458,3.468
2026-06-11,2026-06-11 09:00:03,krungthai,2026-06-11 09:00:00,SGD,25.54,25.58
2026-06-11,2026-06-11 09:00:03,krungthai,2026-06-11 09:00:00,TWD,1.0322,1.038
2026-06-11,2026-06-11 09:00:03,krungsri,,JPY,0.2048,0.2052
2026-06-11,2026-06-11 09:00:03,krungsri,,KRW,0.0213,0.0217
2026-06-11,2026-06-11 09:00:03,krungsri,,HKD,4.1972,4.2014
2026-06-11,2026-06-11 09:00:03,krungsri,,SGD,25.5396,25.5828
2026-06-11,2026-06-11 09:00:03,krungsri,,USD,32.89,32.935
2026-06-11,2026-06-11 09:00:03,krungsri,,EUR,37.9778,38.0691
2026-06-11,2026-06-11 09:00:03,krungsri,,AUD,23.04,23.08
2026-06-11,2026-06-11 09:00:03,krungsri,,CAD,23.59,23.64
2026-06-11,2026-06-11 09:00:03,krungsri,,CHF,41.18,41.26
2026-06-11,2026-06-11 09:00:03,krungsri,,CNY,4.8503,4.863
2026-06-11,2026-06-11 09:00:03,krungsri,,DKK,5.0835,5.0894
2026-06-11,2026-06-11 09:00:03,krungsri,,GBP,44,44.113
2026-06-11,2026-06-11 09:00:03,krungsri,,NOK,3.478,3.4835
2026-06-11,2026-06-11 09:00:03,krungsri,,NZD,19.07,19.11
2026-06-11,2026-06-11 09:00:03,krungsri,,SEK,3.4646,3.4695
2026-06-11,2026-06-11 09:00:03,krungsri,,TWD,1.0343,1.0402
2026-06-11,2026-06-11 09:00:03,superrich,2026-06-11T08:43:37.283Z,USD,32.83,32.9
2026-06-11,2026-06-11 09:00:03,superrich,2026-06-11T08:43:37.283Z,GBP,43.85,44
2026-06-11,2026-06-11 09:00:03,superrich,2026-06-11T08:43:37.283Z,EUR,37.85,38
2026-06-11,2026-06-11 09:00:03,superrich,2026-06-11T08:43:37.283Z,CHF,41,41.15
2026-06-11,2026-06-11 09:00:03,superrich,2026-06-11T08:43:37.283Z,AUD,22.95,23.1
2026-06-11,2026-06-11 09:00:03,superrich,2026-06-11T08:43:37.283Z,JPY,0.204,0.2055
2026-06-11,2026-06-11 09:00:03,superrich,2026-06-11T08:43:37.283Z,SGD,25.45,25.6
2026-06-11,2026-06-11 09:00:03,superrich,2026-06-11T08:43:37.283Z,HKD,4.18,4.21
2026-06-11,2026-06-11 09:00:03,superrich,2026-06-11T08:43:37.283Z,CAD,23.5,23.65
2026-06-11,2026-06-11 09:00:03,superrich,2026-06-11T08:43:37.283Z,DKK,4.6,4.8
2026-06-11,2026-06-11 09:00:03,superrich,2026-06-11T08:43:37.283Z,NOK,2.9,3.1
2026-06-11,2026-06-11 09:00:03,superrich,2026-06-11T08:43:37.283Z,SEK,3.05,3.2
2026-06-11,2026-06-11 09:00:03,superrich,2026-06-11T08:43:37.283Z,TWD,1.005,1.02
2026-06-11,2026-06-11 09:00:03,superrich,2026-06-11T08:43:37.283Z,KRW,0.0215,0.0219
2026-06-11,2026-06-11 09:00:03,superrich,2026-06-11T08:43:37.283Z,CNY,4.83,4.86
2026-06-11,2026-06-11 09:00:03,superrich,2026-06-11T08:43:37.283Z,NZD,19,19.15
2026-06-11,2026-06-11 09:00:03,superrich,2026-06-11T08:43:37.283Z,SAR,8.65,8.8
2026-06-11,2026-06-11 09:00:03,superrich,2026-06-11T08:43:37.283Z,AED,8.85,9
2026-06-11,2026-06-11 09:00:03,superrich,2026-06-11T08:43:37.283Z,QAR,8.75,8.9
2026-06-11,2026-06-11 09:00:03,superrich,2026-06-11T08:43:37.283Z,INR,0.335,0.35
2026-06-11,2026-06-11 09:00:03,mastercard,2026-06-10,USD,33.03,33.03
2026-06-11,2026-06-11 09:00:03,mastercard,2026-06-10,EUR,38.228901,38.228901
2026-06-11,2026-06-11 09:00:03,mastercard,2026-06-10,GBP,44.349322,44.349322
2026-06-11,2026-06-11 09:00:03,mastercard,2026-06-10,CNY,4.877293,4.877293
2026-06-11,2026-06-11 09:00:03,mastercard,2026-06-10,AUD,23.249806,23.249806
2026-06-11,2026-06-11 09:00:03,mastercard,2026-06-10,KRW,0.021812,0.021812
2026-06-11,2026-06-11 09:00:03,mastercard,2026-06-10,CHF,41.479342,41.479342
2026-06-11,2026-06-11 09:00:03,mastercard,2026-06-10,JPY,0.20618,0.20618
2026-06-11,2026-06-11 09:00:03,mastercard,2026-06-10,SGD,25.70228,25.70228
2026-06-11,2026-06-11 09:00:03,mastercard,2026-06-10,HKD,4.215753,4.215753
2026-06-12,2026-06-12 09:00:02,krungthai,2026-06-12 09:00:00,USD,32.79,32.84
2026-06-12,2026-06-12 09:00:02,krungthai,2026-06-12 09:00:00,EUR,37.93,37.97
2026-06-12,2026-06-12 09:00:02,krungthai,2026-06-12 09:00:00,JPY,0.2046,0.2049
2026-06-12,2026-06-12 09:00:02,krungthai,2026-06-12 09:00:00,GBP,43.97,44.02
2026-06-12,2026-06-12 09:00:02,krungthai,2026-06-12 09:00:00,CNY,4.845,4.855
2026-06-12,2026-06-12 09:00:02,krungthai,2026-06-12 09:00:00,AED,8.928,8.948
2026-06-12,2026-06-12 09:00:02,krungthai,2026-06-12 09:00:00,AUD,23.07,23.11
2026-06-12,2026-06-12 09:00:02,krungthai,2026-06-12 09:00:00,CAD,23.46,23.5
2026-06-12,2026-06-12 09:00:02,krungthai,2026-06-12 09:00:00,CHF,41.2,41.25
2026-06-12,2026-06-12 09:00:02,krungthai,2026-06-12 09:00:00,DKK,5.069,5.079
2026-06-12,2026-06-12 09:00:02,krungthai,2026-06-12 09:00:00,HKD,4.185,4.195
2026-06-12,2026-06-12 09:00:02,krungthai,2026-06-12 09:00:00,INR,0.3329,0.3429
2026-06-12,2026-06-12 09:00:02,krungthai,2026-06-12 09:00:00,KRW,0.0214,0.0217
2026-06-12,2026-06-12 09:00:02,krungthai,2026-06-12 09:00:00,NOK,3.446,3.456
2026-06-12,2026-06-12 09:00:02,krungthai,2026-06-12 09:00:00,NZD,19.07,19.11
2026-06-12,2026-06-12 09:00:02,krungthai,2026-06-12 09:00:00,QAR,8.995,9.015
2026-06-12,2026-06-12 09:00:02,krungthai,2026-06-12 09:00:00,SAR,8.735,8.755
2026-06-12,2026-06-12 09:00:02,krungthai,2026-06-12 09:00:00,SEK,3.461,3.471
2026-06-12,2026-06-12 09:00:02,krungthai,2026-06-12 09:00:00,SGD,25.53,25.57
2026-06-12,2026-06-12 09:00:02,krungthai,2026-06-12 09:00:00,TWD,1.0332,1.039
2026-06-12,2026-06-12 09:00:02,krungsri,,JPY,0.2046,0.2049
2026-06-12,2026-06-12 09:00:02,krungsri,,KRW,0.0214,0.0217
2026-06-12,2026-06-12 09:00:02,krungsri,,HKD,4.1874,4.1905
2026-06-12,2026-06-12 09:00:02,krungsri,,SGD,25.5191,25.5624
2026-06-12,2026-06-12 09:00:02,krungsri,,USD,32.8,32.86
2026-06-12,2026-06-12 09:00:02,krungsri,,EUR,37.9182,38.0062
2026-06-12,2026-06-12 09:00:02,krungsri,,AUD,23.07,23.12
2026-06-12,2026-06-12 09:00:02,krungsri,,CAD,23.46,23.5
2026-06-12,2026-06-12 09:00:02,krungsri,,CHF,41.19,41.27
2026-06-12,2026-06-12 09:00:02,krungsri,,CNY,4.8454,4.8579
2026-06-12,2026-06-12 09:00:02,krungsri,,DKK,5.0756,5.0796
2026-06-12,2026-06-12 09:00:02,krungsri,,GBP,43.942,44.069
2026-06-12,2026-06-12 09:00:02,krungsri,,NOK,3.4524,3.4564
2026-06-12,2026-06-12 09:00:02,krungsri,,NZD,19.07,19.11
2026-06-12,2026-06-12 09:00:02,krungsri,,SEK,3.4675,3.4722
2026-06-12,2026-06-12 09:00:02,krungsri,,TWD,1.0357,1.041
2026-06-12,2026-06-12 09:00:02,superrich,2026-06-12T08:41:21.480Z,USD,32.72,32.8
2026-06-12,2026-06-12 09:00:02,superrich,2026-06-12T08:41:21.480Z,GBP,43.8,43.95
2026-06-12,2026-06-12 09:00:02,superrich,2026-06-12T08:41:21.480Z,EUR,37.8,37.95
2026-06-12,2026-06-12 09:00:02,superrich,2026-06-12T08:41:21.480Z,CHF,41.05,41.2
2026-06-12,2026-06-12 09:00:02,superrich,2026-06-12T08:41:21.480Z,AUD,22.95,23.1
2026-06-12,2026-06-12 09:00:02,superrich,2026-06-12T08:41:21.480Z,JPY,0.204,0.2055
2026-06-12,2026-06-12 09:00:02,superrich,2026-06-12T08:41:21.480Z,SGD,25.4,25.55
2026-06-12,2026-06-12 09:00:02,superrich,2026-06-12T08:41:21.480Z,HKD,4.17,4.2
2026-06-12,2026-06-12 09:00:02,superrich,2026-06-12T08:41:21.480Z,CAD,23.35,23.5
2026-06-12,2026-06-12 09:00:02,superrich,2026-06-12T08:41:21.480Z,DKK,4.6,4.8
2026-06-12,2026-06-12 09:00:02,superrich,2026-06-12T08:41:21.480Z,NOK,2.9,3.1
2026-06-12,2026-06-12 09:00:02,superrich,2026-06-12T08:41:21.480Z,SEK,3.05,3.2
2026-06-12,2026-06-12 09:00:02,superrich,2026-06-12T08:41:21.480Z,TWD,1.005,1.02
2026-06-12,2026-06-12 09:00:02,superrich,2026-06-12T08:41:21.480Z,KRW,0.0216,0.022
2026-06-12,2026-06-12 09:00:02,superrich,2026-06-12T08:41:21.480Z,CNY,4.82,4.85
2026-06-12,2026-06-12 09:00:02,superrich,2026-06-12T08:41:21.480Z,NZD,18.95,19.1
2026-06-12,2026-06-12 09:00:02,superrich,2026-06-12T08:41:21.480Z,SAR,8.6,8.75
2026-06-12,2026-06-12 09:00:02,superrich,2026-06-12T08:41:21.480Z,AED,8.8,8.95
2026-06-12,2026-06-12 09:00:02,superrich,2026-06-12T08:41:21.480Z,QAR,8.7,8.85
2026-06-12,2026-06-12 09:00:02,superrich,2026-06-12T08:41:21.480Z,INR,0.335,0.35
2026-06-12,2026-06-12 09:00:02,mastercard,2026-06-11,USD,33.05,33.05
2026-06-12,2026-06-12 09:00:02,mastercard,2026-06-11,EUR,38.209064,38.209064
2026-06-12,2026-06-12 09:00:02,mastercard,2026-06-11,GBP,44.290303,44.290303
2026-06-12,2026-06-12 09:00:02,mastercard,2026-06-11,CNY,4.879165,4.879165
2026-06-12,2026-06-12 09:00:02,mastercard,2026-06-11,AUD,23.230836,23.230836
2026-06-12,2026-06-12 09:00:02,mastercard,2026-06-11,KRW,0.021765,0.021765
2026-06-12,2026-06-12 09:00:02,mastercard,2026-06-11,CHF,41.442006,41.442006
2026-06-12,2026-06-12 09:00:02,mastercard,2026-06-11,JPY,0.206035,0.206035
2026-06-12,2026-06-12 09:00:02,mastercard,2026-06-11,SGD,25.705841,25.705841
2026-06-12,2026-06-12 09:00:02,mastercard,2026-06-11,HKD,4.218574,4.218574
2026-06-13,2026-06-13 09:00:00,krungthai,2026-06-13 09:00:00,USD,32.71,32.76
2026-06-13,2026-06-13 09:00:00,krungthai,2026-06-13 09:00:00,EUR,37.87,37.91
2026-06-13,2026-06-13 09:00:00,krungthai,2026-06-13 09:00:00,JPY,0.2042,0.2046
2026-06-13,2026-06-13 09:00:00,krungthai,2026-06-13 09:00:00,GBP,43.88,43.92
2026-06-13,2026-06-13 09:00:00,krungthai,2026-06-13 09:00:00,CNY,4.832,4.847
2026-06-13,2026-06-13 09:00:00,krungthai,2026-06-13 09:00:00,AED,8.902,8.927
2026-06-13,2026-06-13 09:00:00,krungthai,2026-06-13 09:00:00,AUD,23.06,23.1
2026-06-13,2026-06-13 09:00:00,krungthai,2026-06-13 09:00:00,CAD,23.4,23.44
2026-06-13,2026-06-13 09:00:00,krungthai,2026-06-13 09:00:00,CHF,41.08,41.12
2026-06-13,2026-06-13 09:00:00,krungthai,2026-06-13 09:00:00,DKK,5.05,5.07
2026-06-13,2026-06-13 09:00:00,krungthai,2026-06-13 09:00:00,HKD,4.17,4.19
2026-06-13,2026-06-13 09:00:00,krungthai,2026-06-13 09:00:00,INR,0.3294,0.3444
2026-06-13,2026-06-13 09:00:00,krungthai,2026-06-13 09:00:00,KRW,0.0215,0.0218
2026-06-13,2026-06-13 09:00:00,krungthai,2026-06-13 09:00:00,NOK,3.428,3.448
2026-06-13,2026-06-13 09:00:00,krungthai,2026-06-13 09:00:00,NZD,19.08,19.12
2026-06-13,2026-06-13 09:00:00,krungthai,2026-06-13 09:00:00,QAR,8.969,8.994
2026-06-13,2026-06-13 09:00:00,krungthai,2026-06-13 09:00:00,SAR,8.712,8.737
2026-06-13,2026-06-13 09:00:00,krungthai,2026-06-13 09:00:00,SEK,3.455,3.475
2026-06-13,2026-06-13 09:00:00,krungthai,2026-06-13 09:00:00,SGD,25.48,25.53
2026-06-13,2026-06-13 09:00:00,krungthai,2026-06-13 09:00:00,TWD,1.0305,1.0363
2026-06-13,2026-06-13 09:00:00,krungsri,,JPY,0.2039,0.2046
2026-06-13,2026-06-13 09:00:00,krungsri,,KRW,0.0213,0.0217
2026-06-13,2026-06-13 09:00:00,krungsri,,HKD,4.1716,4.1839
2026-06-13,2026-06-13 09:00:00,krungsri,,SGD,25.4317,25.5316
2026-06-13,2026-06-13 09:00:00,krungsri,,USD,32.68,32.78
2026-06-13,2026-06-13 09:00:00,krungsri,,EUR,37.7958,37.9532
2026-06-13,2026-06-13 09:00:00,krungsri,,AUD,23.01,23.12
2026-06-13,2026-06-13 09:00:00,krungsri,,CAD,23.36,23.44
2026-06-13,2026-06-13 09:00:00,krungsri,,CHF,40.99,41.14
2026-06-13,2026-06-13 09:00:00,krungsri,,CNY,4.8304,4.8522
2026-06-13,2026-06-13 09:00:00,krungsri,,DKK,5.0588,5.074
2026-06-13,2026-06-13 09:00:00,krungsri,,GBP,43.804,43.995
2026-06-13,2026-06-13 09:00:00,krungsri,,NOK,3.43,3.4521
2026-06-13,2026-06-13 09:00:00,krungsri,,NZD,19.06,19.12
2026-06-13,2026-06-13 09:00:00,krungsri,,SEK,3.4502,3.4786
2026-06-13,2026-06-13 09:00:00,krungsri,,TWD,1.0312,1.039
2026-06-13,2026-06-13 09:00:00,superrich,2026-06-12T18:00:33.243Z,USD,32.6,32.68
2026-06-13,2026-06-13 09:00:00,superrich,2026-06-12T18:00:33.243Z,GBP,43.7,43.85
2026-06-13,2026-06-13 09:00:00,superrich,2026-06-12T18:00:33.243Z,EUR,37.7,37.85
2026-06-13,2026-06-13 09:00:00,superrich,2026-06-12T18:00:33.243Z,CHF,40.9,41.05
2026-06-13,2026-06-13 09:00:00,superrich,2026-06-12T18:00:33.243Z,AUD,22.9,23
2026-06-13,2026-06-13 09:00:00,superrich,2026-06-12T18:00:33.243Z,JPY,0.203,0.205
2026-06-13,2026-06-13 09:00:00,superrich,2026-06-12T18:00:33.243Z,SGD,25.35,25.5
2026-06-13,2026-06-13 09:00:00,superrich,2026-06-12T18:00:33.243Z,HKD,4.16,4.18
2026-06-13,2026-06-13 09:00:00,superrich,2026-06-12T18:00:33.243Z,CAD,23.25,23.4
2026-06-13,2026-06-13 09:00:00,superrich,2026-06-12T18:00:33.243Z,DKK,4.6,4.8
2026-06-13,2026-06-13 09:00:00,superrich,2026-06-12T18:00:33.243Z,NOK,2.9,3.1
2026-06-13,2026-06-13 09:00:00,superrich,2026-06-12T18:00:33.243Z,SEK,3.05,3.2
2026-06-13,2026-06-13 09:00:00,superrich,2026-06-12T18:00:33.243Z,TWD,1.005,1.02
2026-06-13,2026-06-13 09:00:00,superrich,2026-06-12T18:00:33.243Z,KRW,0.0217,0.022
2026-06-13,2026-06-13 09:00:00,superrich,2026-06-12T18:00:33.243Z,CNY,4.81,4.84
2026-06-13,2026-06-13 09:00:00,superrich,2026-06-12T18:00:33.243Z,NZD,18.95,19.1
2026-06-13,2026-06-13 09:00:00,superrich,2026-06-12T18:00:33.243Z,SAR,8.6,8.75
2026-06-13,2026-06-13 09:00:00,superrich,2026-06-12T18:00:33.243Z,AED,8.8,8.95
2026-06-13,2026-06-13 09:00:00,superrich,2026-06-12T18:00:33.243Z,QAR,8.7,8.85
2026-06-13,2026-06-13 09:00:00,superrich,2026-06-12T18:00:33.243Z,INR,0.335,0.35
2026-06-13,2026-06-13 09:00:00,mastercard,2026-06-12,USD,33.05,33.05
2026-06-13,2026-06-13 09:00:00,mastercard,2026-06-12,EUR,38.311556,38.311556
2026-06-13,2026-06-13 09:00:00,mastercard,2026-06-12,GBP,44.409269,44.409269
2026-06-13,2026-06-13 09:00:00,mastercard,2026-06-12,CNY,4.888692,4.888692
2026-06-13,2026-06-13 09:00:00,mastercard,2026-06-12,AUD,23.339901,23.339901
2026-06-13,2026-06-13 09:00:00,mastercard,2026-06-12,KRW,0.021814,0.021814
2026-06-13,2026-06-13 09:00:00,mastercard,2026-06-12,CHF,41.635173,41.635173
2026-06-13,2026-06-13 09:00:00,mastercard,2026-06-12,JPY,0.207028,0.207028
2026-06-13,2026-06-13 09:00:00,mastercard,2026-06-12,SGD,25.780031,25.780031
2026-06-13,2026-06-13 09:00:00,mastercard,2026-06-12,HKD,4.218736,4.218736
2026-06-14,2026-06-14 09:00:01,krungthai,2026-06-14 09:00:00,USD,32.71,32.76
2026-06-14,2026-06-14 09:00:01,krungthai,2026-06-14 09:00:00,EUR,37.87,37.91
2026-06-14,2026-06-14 09:00:01,krungthai,2026-06-14 09:00:00,JPY,0.2042,0.2046
2026-06-14,2026-06-14 09:00:01,krungthai,2026-06-14 09:00:00,GBP,43.88,43.92
2026-06-14,2026-06-14 09:00:01,krungthai,2026-06-14 09:00:00,CNY,4.832,4.847
2026-06-14,2026-06-14 09:00:01,krungthai,2026-06-14 09:00:00,AED,8.902,8.927
2026-06-14,2026-06-14 09:00:01,krungthai,2026-06-14 09:00:00,AUD,23.06,23.1
2026-06-14,2026-06-14 09:00:01,krungthai,2026-06-14 09:00:00,CAD,23.4,23.44
2026-06-14,2026-06-14 09:00:01,krungthai,2026-06-14 09:00:00,CHF,41.08,41.12
2026-06-14,2026-06-14 09:00:01,krungthai,2026-06-14 09:00:00,DKK,5.05,5.07
2026-06-14,2026-06-14 09:00:01,krungthai,2026-06-14 09:00:00,HKD,4.17,4.19
2026-06-14,2026-06-14 09:00:01,krungthai,2026-06-14 09:00:00,INR,0.3294,0.3444
2026-06-14,2026-06-14 09:00:01,krungthai,2026-06-14 09:00:00,KRW,0.0215,0.0218
2026-06-14,2026-06-14 09:00:01,krungthai,2026-06-14 09:00:00,NOK,3.428,3.448
2026-06-14,2026-06-14 09:00:01,krungthai,2026-06-14 09:00:00,NZD,19.08,19.12
2026-06-14,2026-06-14 09:00:01,krungthai,2026-06-14 09:00:00,QAR,8.969,8.994
2026-06-14,2026-06-14 09:00:01,krungthai,2026-06-14 09:00:00,SAR,8.712,8.737
2026-06-14,2026-06-14 09:00:01,krungthai,2026-06-14 09:00:00,SEK,3.455,3.475
2026-06-14,2026-06-14 09:00:01,krungthai,2026-06-14 09:00:00,SGD,25.48,25.53
2026-06-14,2026-06-14 09:00:01,krungthai,2026-06-14 09:00:00,TWD,1.0305,1.0363
2026-06-14,2026-06-14 09:00:01,krungsri,,JPY,0.2039,0.2046
2026-06-14,2026-06-14 09:00:01,krungsri,,KRW,0.0213,0.0217
2026-06-14,2026-06-14 09:00:01,krungsri,,HKD,4.1716,4.1839
2026-06-14,2026-06-14 09:00:01,krungsri,,SGD,25.4317,25.5316
2026-06-14,2026-06-14 09:00:01,krungsri,,USD,32.68,32.78
2026-06-14,2026-06-14 09:00:01,krungsri,,EUR,37.7958,37.9532
2026-06-14,2026-06-14 09:00:01,krungsri,,AUD,23.01,23.12
2026-06-14,2026-06-14 09:00:01,krungsri,,CAD,23.36,23.44
2026-06-14,2026-06-14 09:00:01,krungsri,,CHF,40.99,41.14
2026-06-14,2026-06-14 09:00:01,krungsri,,CNY,4.8304,4.8522
2026-06-14,2026-06-14 09:00:01,krungsri,,DKK,5.0588,5.074
2026-06-14,2026-06-14 09:00:01,krungsri,,GBP,43.804,43.995
2026-06-14,2026-06-14 09:00:01,krungsri,,NOK,3.43,3.4521
2026-06-14,2026-06-14 09:00:01,krungsri,,NZD,19.06,19.12
2026-06-14,2026-06-14 09:00:01,krungsri,,SEK,3.4502,3.4786
2026-06-14,2026-06-14 09:00:01,krungsri,,TWD,1.0312,1.039
2026-06-14,2026-06-14 09:00:01,superrich,2026-06-13T17:06:59.100Z,USD,32.6,32.7
2026-06-14,2026-06-14 09:00:01,superrich,2026-06-13T17:06:59.100Z,GBP,43.7,43.85
2026-06-14,2026-06-14 09:00:01,superrich,2026-06-13T17:06:59.100Z,EUR,37.7,37.85
2026-06-14,2026-06-14 09:00:01,superrich,2026-06-13T17:06:59.100Z,CHF,40.85,41.05
2026-06-14,2026-06-14 09:00:01,superrich,2026-06-13T17:06:59.100Z,AUD,22.9,23.1
2026-06-14,2026-06-14 09:00:01,superrich,2026-06-13T17:06:59.100Z,JPY,0.203,0.205
2026-06-14,2026-06-14 09:00:01,superrich,2026-06-13T17:06:59.100Z,SGD,25.3,25.45
2026-06-14,2026-06-14 09:00:01,superrich,2026-06-13T17:06:59.100Z,HKD,4.16,4.18
2026-06-14,2026-06-14 09:00:01,superrich,2026-06-13T17:06:59.100Z,CAD,23.25,23.4
2026-06-14,2026-06-14 09:00:01,superrich,2026-06-13T17:06:59.100Z,DKK,4.6,4.8
2026-06-14,2026-06-14 09:00:01,superrich,2026-06-13T17:06:59.100Z,NOK,2.9,3.1
2026-06-14,2026-06-14 09:00:01,superrich,2026-06-13T17:06:59.100Z,SEK,3.05,3.2
2026-06-14,2026-06-14 09:00:01,superrich,2026-06-13T17:06:59.100Z,TWD,1.005,1.02
2026-06-14,2026-06-14 09:00:01,superrich,2026-06-13T17:06:59.100Z,KRW,0.0217,0.022
2026-06-14,2026-06-14 09:00:01,superrich,2026-06-13T17:06:59.100Z,CNY,4.81,4.84
2026-06-14,2026-06-14 09:00:01,superrich,2026-06-13T17:06:59.100Z,NZD,18.95,19.1
2026-06-14,2026-06-14 09:00:01,superrich,2026-06-13T17:06:59.100Z,SAR,8.55,8.7
2026-06-14,2026-06-14 09:00:01,superrich,2026-06-13T17:06:59.100Z,AED,8.75,8.9
2026-06-14,2026-06-14 09:00:01,superrich,2026-06-13T17:06:59.100Z,QAR,8.65,8.8
2026-06-14,2026-06-14 09:00:01,superrich,2026-06-13T17:06:59.100Z,INR,0.335,0.35
2026-06-14,2026-06-14 09:00:01,mastercard,2026-06-13,USD,33.05,33.05
2026-06-14,2026-06-14 09:00:01,mastercard,2026-06-13,EUR,38.311556,38.311556
2026-06-14,2026-06-14 09:00:01,mastercard,2026-06-13,GBP,44.409269,44.409269
2026-06-14,2026-06-14 09:00:01,mastercard,2026-06-13,CNY,4.888692,4.888692
2026-06-14,2026-06-14 09:00:01,mastercard,2026-06-13,AUD,23.339901,23.339901
2026-06-14,2026-06-14 09:00:01,mastercard,2026-06-13,KRW,0.021814,0.021814
2026-06-14,2026-06-14 09:00:01,mastercard,2026-06-13,CHF,41.635173,41.635173
2026-06-14,2026-06-14 09:00:01,mastercard,2026-06-13,JPY,0.207028,0.207028
2026-06-14,2026-06-14 09:00:01,mastercard,2026-06-13,SGD,25.780031,25.780031
2026-06-14,2026-06-14 09:00:01,mastercard,2026-06-13,HKD,4.218736,4.218736
2026-06-15,2026-06-15 09:00:04,krungthai,2026-06-15 09:00:00,USD,32.53,32.58
2026-06-15,2026-06-15 09:00:04,krungthai,2026-06-15 09:00:00,EUR,37.75,37.79
2026-06-15,2026-06-15 09:00:04,krungthai,2026-06-15 09:00:00,JPY,0.2031,0.2034
2026-06-15,2026-06-15 09:00:04,krungthai,2026-06-15 09:00:00,GBP,43.75,43.79
2026-06-15,2026-06-15 09:00:04,krungthai,2026-06-15 09:00:00,CNY,4.816,4.826
2026-06-15,2026-06-15 09:00:04,krungthai,2026-06-15 09:00:00,AED,8.859,8.879
2026-06-15,2026-06-15 09:00:04,krungthai,2026-06-15 09:00:00,AUD,23.01,23.05
2026-06-15,2026-06-15 09:00:04,krungthai,2026-06-15 09:00:00,CAD,23.29,23.33
2026-06-15,2026-06-15 09:00:04,krungthai,2026-06-15 09:00:00,CHF,40.96,41.01
2026-06-15,2026-06-15 09:00:04,krungthai,2026-06-15 09:00:00,DKK,5.045,5.055
2026-06-15,2026-06-15 09:00:04,krungthai,2026-06-15 09:00:00,HKD,4.152,4.162
2026-06-15,2026-06-15 09:00:04,krungthai,2026-06-15 09:00:00,INR,0.3325,0.3425
2026-06-15,2026-06-15 09:00:04,krungthai,2026-06-15 09:00:00,KRW,0.0214,0.0217
2026-06-15,2026-06-15 09:00:04,krungthai,2026-06-15 09:00:00,NOK,3.421,3.431
2026-06-15,2026-06-15 09:00:04,krungthai,2026-06-15 09:00:00,NZD,19.03,19.07
2026-06-15,2026-06-15 09:00:04,krungthai,2026-06-15 09:00:00,QAR,8.925,8.945
2026-06-15,2026-06-15 09:00:04,krungthai,2026-06-15 09:00:00,SAR,8.67,8.69
2026-06-15,2026-06-15 09:00:04,krungthai,2026-06-15 09:00:00,SEK,3.462,3.472
2026-06-15,2026-06-15 09:00:04,krungthai,2026-06-15 09:00:00,SGD,25.39,25.43
2026-06-15,2026-06-15 09:00:04,krungthai,2026-06-15 09:00:00,TWD,1.0277,1.0335
2026-06-15,2026-06-15 09:00:04,krungsri,,JPY,0.2031,0.2034
2026-06-15,2026-06-15 09:00:04,krungsri,,KRW,0.0213,0.0216
2026-06-15,2026-06-15 09:00:04,krungsri,,HKD,4.1538,4.1581
2026-06-15,2026-06-15 09:00:04,krungsri,,SGD,25.3761,25.4253
2026-06-15,2026-06-15 09:00:04,krungsri,,USD,32.545,32.605
2026-06-15,2026-06-15 09:00:04,krungsri,,EUR,37.7282,37.8195
2026-06-15,2026-06-15 09:00:04,krungsri,,AUD,23.01,23.06
2026-06-15,2026-06-15 09:00:04,krungsri,,CAD,23.28,23.33
2026-06-15,2026-06-15 09:00:04,krungsri,,CHF,40.94,41.02
2026-06-15,2026-06-15 09:00:04,krungsri,,CNY,4.8138,4.8263
2026-06-15,2026-06-15 09:00:04,krungsri,,DKK,5.0503,5.0562
2026-06-15,2026-06-15 09:00:04,krungsri,,GBP,43.714,43.828
2026-06-15,2026-06-15 09:00:04,krungsri,,NOK,3.4261,3.4316
2026-06-15,2026-06-15 09:00:04,krungsri,,NZD,19.03,19.06
2026-06-15,2026-06-15 09:00:04,krungsri,,SEK,3.4682,3.4731
2026-06-15,2026-06-15 09:00:04,krungsri,,TWD,1.0297,1.0356
2026-06-15,2026-06-15 09:00:04,superrich,2026-06-15T08:45:24.750Z,USD,32.5,32.6
2026-06-15,2026-06-15 09:00:04,superrich,2026-06-15T08:45:24.750Z,GBP,43.65,43.8
2026-06-15,2026-06-15 09:00:04,superrich,2026-06-15T08:45:24.750Z,EUR,37.65,37.8
2026-06-15,2026-06-15 09:00:04,superrich,2026-06-15T08:45:24.750Z,CHF,40.8,40.95
2026-06-15,2026-06-15 09:00:04,superrich,2026-06-15T08:45:24.750Z,AUD,22.9,23.1
2026-06-15,2026-06-15 09:00:04,superrich,2026-06-15T08:45:24.750Z,JPY,0.2025,0.2045
2026-06-15,2026-06-15 09:00:04,superrich,2026-06-15T08:45:24.750Z,SGD,25.25,25.4
2026-06-15,2026-06-15 09:00:04,superrich,2026-06-15T08:45:24.750Z,HKD,4.14,4.17
2026-06-15,2026-06-15 09:00:04,superrich,2026-06-15T08:45:24.750Z,CAD,23.2,23.35
2026-06-15,2026-06-15 09:00:04,superrich,2026-06-15T08:45:24.750Z,DKK,4.6,4.8
2026-06-15,2026-06-15 09:00:04,superrich,2026-06-15T08:45:24.750Z,NOK,2.9,3.1
2026-06-15,2026-06-15 09:00:04,superrich,2026-06-15T08:45:24.750Z,SEK,3.05,3.2
2026-06-15,2026-06-15 09:00:04,superrich,2026-06-15T08:45:24.750Z,TWD,1.005,1.02
2026-06-15,2026-06-15 09:00:04,superrich,2026-06-15T08:45:24.750Z,KRW,0.0217,0.022
2026-06-15,2026-06-15 09:00:04,superrich,2026-06-15T08:45:24.750Z,CNY,4.8,4.83
2026-06-15,2026-06-15 09:00:04,superrich,2026-06-15T08:45:24.750Z,NZD,18.9,19.05
2026-06-15,2026-06-15 09:00:04,superrich,2026-06-15T08:45:24.750Z,SAR,8.55,8.7
2026-06-15,2026-06-15 09:00:04,superrich,2026-06-15T08:45:24.750Z,AED,8.75,8.9
2026-06-15,2026-06-15 09:00:04,superrich,2026-06-15T08:45:24.750Z,QAR,8.65,8.8
2026-06-15,2026-06-15 09:00:04,superrich,2026-06-15T08:45:24.750Z,INR,0.335,0.35
2026-06-15,2026-06-15 09:00:04,mastercard,2026-06-14,USD,33.05,33.05
2026-06-15,2026-06-15 09:00:04,mastercard,2026-06-14,EUR,38.311556,38.311556
2026-06-15,2026-06-15 09:00:04,mastercard,2026-06-14,GBP,44.409269,44.409269
2026-06-15,2026-06-15 09:00:04,mastercard,2026-06-14,CNY,4.888692,4.888692
2026-06-15,2026-06-15 09:00:04,mastercard,2026-06-14,AUD,23.339901,23.339901
2026-06-15,2026-06-15 09:00:04,mastercard,2026-06-14,KRW,0.021814,0.021814
2026-06-15,2026-06-15 09:00:04,mastercard,2026-06-14,CHF,41.635173,41.635173
2026-06-15,2026-06-15 09:00:04,mastercard,2026-06-14,JPY,0.207028,0.207028
2026-06-15,2026-06-15 09:00:04,mastercard,2026-06-14,SGD,25.780031,25.780031
2026-06-15,2026-06-15 09:00:04,mastercard,2026-06-14,HKD,4.218736,4.218736
2026-06-16,2026-06-16 09:00:01,krungthai,2026-06-16 09:00:00,USD,32.55,32.6
2026-06-16,2026-06-16 09:00:01,krungthai,2026-06-16 09:00:00,EUR,37.74,37.78
2026-06-16,2026-06-16 09:00:01,krungthai,2026-06-16 09:00:00,JPY,0.2032,0.2035
2026-06-16,2026-06-16 09:00:01,krungthai,2026-06-16 09:00:00,GBP,43.66,43.71
2026-06-16,2026-06-16 09:00:01,krungthai,2026-06-16 09:00:00,CNY,4.816,4.826
2026-06-16,2026-06-16 09:00:01,krungthai,2026-06-16 09:00:00,AED,8.864,8.884
2026-06-16,2026-06-16 09:00:01,krungthai,2026-06-16 09:00:00,AUD,23,23.04
2026-06-16,2026-06-16 09:00:01,krungthai,2026-06-16 09:00:00,CAD,23.26,23.3
2026-06-16,2026-06-16 09:00:01,krungthai,2026-06-16 09:00:00,CHF,40.97,41.02
2026-06-16,2026-06-16 09:00:01,krungthai,2026-06-16 09:00:00,DKK,5.043,5.053
2026-06-16,2026-06-16 09:00:01,krungthai,2026-06-16 09:00:00,HKD,4.156,4.166
2026-06-16,2026-06-16 09:00:01,krungthai,2026-06-16 09:00:00,INR,0.3342,0.3442
2026-06-16,2026-06-16 09:00:01,krungthai,2026-06-16 09:00:00,KRW,0.0214,0.0217
2026-06-16,2026-06-16 09:00:01,krungthai,2026-06-16 09:00:00,NOK,3.403,3.413
2026-06-16,2026-06-16 09:00:01,krungthai,2026-06-16 09:00:00,NZD,18.93,18.97
2026-06-16,2026-06-16 09:00:01,krungthai,2026-06-16 09:00:00,QAR,8.934,8.959
2026-06-16,2026-06-16 09:00:01,krungthai,2026-06-16 09:00:00,SAR,8.676,8.696
2026-06-16,2026-06-16 09:00:01,krungthai,2026-06-16 09:00:00,SEK,3.455,3.465
2026-06-16,2026-06-16 09:00:01,krungthai,2026-06-16 09:00:00,SGD,25.38,25.42
2026-06-16,2026-06-16 09:00:01,krungthai,2026-06-16 09:00:00,TWD,1.0273,1.0331
2026-06-16,2026-06-16 09:00:01,krungsri,,JPY,0.2032,0.2036
2026-06-16,2026-06-16 09:00:01,krungsri,,KRW,0.0213,0.0216
2026-06-16,2026-06-16 09:00:01,krungsri,,HKD,4.1577,4.162
2026-06-16,2026-06-16 09:00:01,krungsri,,SGD,25.3719,25.4151
2026-06-16,2026-06-16 09:00:01,krungsri,,USD,32.57,32.62
2026-06-16,2026-06-16 09:00:01,krungsri,,EUR,37.7189,37.8101
2026-06-16,2026-06-16 09:00:01,krungsri,,AUD,22.99,23.04
2026-06-16,2026-06-16 09:00:01,krungsri,,CAD,23.26,23.31
2026-06-16,2026-06-16 09:00:01,krungsri,,CHF,40.95,41.04
2026-06-16,2026-06-16 09:00:01,krungsri,,CNY,4.8153,4.8278
2026-06-16,2026-06-16 09:00:01,krungsri,,DKK,5.0488,5.0548
2026-06-16,2026-06-16 09:00:01,krungsri,,GBP,43.64,43.75
2026-06-16,2026-06-16 09:00:01,krungsri,,NOK,3.409,3.4145
2026-06-16,2026-06-16 09:00:01,krungsri,,NZD,18.93,18.97
2026-06-16,2026-06-16 09:00:01,krungsri,,SEK,3.4612,3.4663
2026-06-16,2026-06-16 09:00:01,krungsri,,TWD,1.0292,1.0351
2026-06-16,2026-06-16 09:00:01,superrich,2026-06-16T08:40:38.390Z,USD,32.48,32.55
2026-06-16,2026-06-16 09:00:01,superrich,2026-06-16T08:40:38.390Z,GBP,43.5,43.7
2026-06-16,2026-06-16 09:00:01,superrich,2026-06-16T08:40:38.390Z,EUR,37.6,37.75
2026-06-16,2026-06-16 09:00:01,superrich,2026-06-16T08:40:38.390Z,CHF,40.8,40.95
2026-06-16,2026-06-16 09:00:01,superrich,2026-06-16T08:40:38.390Z,AUD,22.85,23
2026-06-16,2026-06-16 09:00:01,superrich,2026-06-16T08:40:38.390Z,JPY,0.2025,0.204
2026-06-16,2026-06-16 09:00:01,superrich,2026-06-16T08:40:38.390Z,SGD,25.25,25.4
2026-06-16,2026-06-16 09:00:01,superrich,2026-06-16T08:40:38.390Z,HKD,4.15,4.17
2026-06-16,2026-06-16 09:00:01,superrich,2026-06-16T08:40:38.390Z,CAD,23.15,23.3
2026-06-16,2026-06-16 09:00:01,superrich,2026-06-16T08:40:38.390Z,DKK,4.6,4.8
2026-06-16,2026-06-16 09:00:01,superrich,2026-06-16T08:40:38.390Z,NOK,2.9,3.1
2026-06-16,2026-06-16 09:00:01,superrich,2026-06-16T08:40:38.390Z,SEK,3.05,3.2
2026-06-16,2026-06-16 09:00:01,superrich,2026-06-16T08:40:38.390Z,TWD,1,1.015
2026-06-16,2026-06-16 09:00:01,superrich,2026-06-16T08:40:38.390Z,KRW,0.0217,0.022
2026-06-16,2026-06-16 09:00:01,superrich,2026-06-16T08:40:38.390Z,CNY,4.8,4.83
2026-06-16,2026-06-16 09:00:01,superrich,2026-06-16T08:40:38.390Z,NZD,18.85,19
2026-06-16,2026-06-16 09:00:01,superrich,2026-06-16T08:40:38.390Z,SAR,8.55,8.7
2026-06-16,2026-06-16 09:00:01,superrich,2026-06-16T08:40:38.390Z,AED,8.75,8.9
2026-06-16,2026-06-16 09:00:01,superrich,2026-06-16T08:40:38.390Z,QAR,8.65,8.8
2026-06-16,2026-06-16 09:00:01,superrich,2026-06-16T08:40:38.390Z,INR,0.335,0.35
